Stock,Year,Month,Stock Splits
A,2014,Nov,1.398
AA,1999,Feb,2.0
AA,2000,Jun,2.0
AA,2016,Nov,1.2484394506866416
AA,2016,Oct,0.3333333333333333
AAN,2003,Aug,1.5
AAN,2004,Aug,1.5
AAN,2010,Apr,1.5
AAON,2001,Oct,1.5
AAON,2002,Jun,1.5
AAON,2007,Aug,1.5
AAON,2011,Jun,1.5
AAON,2013,Jul,1.5
AAON,2014,Jul,1.5
AAP,2004,Jan,2.0
AAP,2005,Sep,1.5
AAPL,2000,Jun,2.0
AAPL,2005,Feb,2.0
AAPL,2014,Jun,7.0
AAXN,2004,Apr,2.0
AAXN,2004,Feb,3.0
AAXN,2004,Nov,2.0
ABC,1999,Mar,2.0
ABC,2005,Dec,2.0
ABC,2009,Jun,2.0
ABCB,1999,Dec,1.2
ABCB,2005,Mar,1.2
ABCB,2009,Dec,1.0076923076923077
ABCB,2009,Sep,1.0076923076923077
ABCB,2010,Jun,1.0047619047619047
ABCB,2010,Mar,1.0076923076923077
ABEO,2006,Jun,0.2
ABEO,2014,Oct,0.02
ABEV,2000,Oct,1.0
ABEV,2005,Jun,1.2
ABEV,2010,Dec,5.0
ABEV,2013,Nov,5.0
ABG,2005,Dec,0.5
ABG,2009,Jun,0.5
ABIO,2004,Feb,0.3333333333333333
ABIO,2009,Jan,0.05
ABIO,2013,Mar,0.16666666666666666
ABIO,2015,Sep,0.14285714285714285
ABIO,2019,Apr,0.05555555555555555
ABM,2002,May,2.0
ABMD,2000,Oct,2.0
ABR,2012,Aug,10.0
ABT,2004,May,1.0688328345446771
ABT,2013,Jan,2.084201750729471
ABUS,2010,Nov,0.2
ACER,2004,Apr,0.02
ACER,2006,Jun,0.1
ACER,2012,Dec,0.25
ACER,2015,Sep,0.125
ACER,2017,Sep,0.096
ACGL,2011,May,3.0
ACGL,2018,Jun,3.0
ACH,2006,Oct,4.0
ACHC,2011,May,1.01
ACHC,2011,Nov,0.25
ACHV,2008,Aug,0.05555555555555555
ACHV,2017,Aug,0.09090909090909091
ACHV,2018,May,0.1
ACIW,2014,Jul,3.0
ACLS,2016,Jul,0.25
ACLS,2016,Jun,0.25
ACN,2011,Dec,10.0
ACNB,2006,Nov,1.05
ACNB,2007,Nov,1.05
ACST,2015,Oct,0.1
ADBE,1999,Oct,2.0
ADBE,2000,Oct,2.0
ADBE,2005,May,2.0
ADES,2014,Mar,2.0
ADI,2000,Mar,2.0
ADM,1999,Aug,1.05
ADM,2000,Aug,1.05
ADM,2001,Aug,1.05
ADMP,2009,Apr,0.1
ADMP,2013,Dec,0.058823529411764705
ADP,1999,Jan,2.0
ADP,2007,Apr,1.1070519207350824
ADP,2014,Oct,1.139
ADS,2006,Jun,0.25
ADSK,2002,Apr,2.0
ADSK,2004,Dec,2.0
ADTN,2003,Dec,2.0
ADXS,2013,Jul,0.008
ADXS,2019,Mar,0.06666666666666667
AEG,2000,May,2.0
AEG,2003,Apr,1.04
AEMD,2015,Apr,0.02
AEMD,2019,Oct,0.06666666666666667
AEO,1999,May,2.0
AEO,2001,Feb,1.5
AEO,2005,Mar,2.0
AEO,2006,Dec,1.5
AES,2000,Jun,2.0
AEYE,2018,Aug,0.04
AEZS,2012,Oct,0.16666666666666666
AEZS,2015,Nov,0.01
AFG,2006,Dec,1.5
AFL,2001,Mar,2.0
AFL,2018,Mar,3.0
AGEN,2011,Oct,0.16666666666666666
AGM,1999,Aug,3.0
AGX,2001,Oct,0.06666666666666667
AHC,2012,May,0.1
AHC,2013,May,0.8333333333333334
AHC,2015,Feb,10.0
AHPI,2016,Dec,1.0
AHT,2013,Nov,1.49
AHT,2014,Nov,1.059
AHT,2019,Oct,1.012
AI,2009,Oct,0.05
AIG,1999,Aug,1.25
AIG,2000,Jul,1.5
AIG,2009,Jul,0.05
AIKI,2019,Oct,1.113
AIM,2016,Aug,0.08333333333333333
AIM,2019,Jun,0.022727272727272728
AIN,1999,Dec,1.02
AIRI,2005,Nov,1.0
AIRI,2010,Oct,0.0025
AIRT,2019,Jun,3.0
AIT,2004,Dec,1.5
AIT,2006,Jun,1.5
AIV,2009,Jul,1.0
AIV,2009,Jun,1.0
AIV,2011,Jun,0.8
AIV,2019,Feb,1.0
AJG,2000,Mar,2.0
AJG,2001,Jan,2.0
AJRD,1999,Oct,1.8957345971563981
AKER,2018,Nov,0.125
AKER,2019,Nov,0.041666666666666664
AKR,2002,Nov,5.0
AKR,2005,May,20.0
AKR,2010,Jul,25.0
AKR,2012,Oct,2.0
AKR,2013,May,0.9411764705882353
AKR,2013,Nov,156.0
AKR,2014,Dec,10.0
AKTX,2015,Sep,0.1
ALB,2007,Mar,3.0
ALBO,2012,Jun,0.25
ALBO,2016,Nov,0.03333333333333333
ALE,1999,Mar,2.0
ALE,2004,Sep,0.3333333333333333
ALIM,2019,Nov,0.06666666666666667
ALK,2012,Mar,2.0
ALK,2014,Jul,2.0
ALKS,2000,May,2.0
ALLY,2014,Apr,310.0
ALO,2017,May,0.1
ALOT,2004,Apr,1.1
ALOT,2006,Jul,1.25
ALPN,2017,Jul,0.25
ALRS,2004,Apr,2.0
ALRS,2014,Sep,3.0
ALT,2018,Sep,0.03333333333333333
ALV,2018,Jul,1.388
ALXN,2008,Aug,2.0
ALXN,2011,May,2.0
AMAT,2000,Mar,2.0
AMAT,2002,Apr,2.0
AMD,2000,Aug,2.0
AME,2004,Mar,2.0
AME,2006,Nov,1.5
AME,2010,Dec,1.5
AME,2012,Jul,1.5
AMED,2006,Dec,1.3333333333333333
AMEH,2015,Apr,0.1
AMG,2004,Mar,1.5
AMGN,1999,Mar,2.0
AMGN,1999,Nov,2.0
AMNB,1999,Jul,2.0
AMOV,2005,Jul,6.0
AMOV,2011,Jul,4.0
AMPY,2015,Aug,0.1
AMRB,1999,Jun,1.5
AMRB,1999,Sep,1.05
AMRB,2000,Nov,1.05
AMRB,2001,Oct,1.05
AMRB,2002,Oct,1.05
AMRB,2003,Nov,1.5
AMRB,2005,Dec,1.05
AMRB,2005,Jan,1.05
AMRB,2006,Dec,1.05
AMRB,2007,Dec,1.05
AMRB,2008,Dec,1.05
AMRH,2019,Nov,0.04
AMRN,2008,Jan,0.1
AMRS,2017,Jun,0.06666666666666667
AMSC,2015,Mar,0.1
AMTB,2018,Oct,0.3333333333333333
AMTBB,2018,Oct,0.3333333333333333
AMTD,1999,Feb,2.0
AMTD,1999,Jul,3.0
AMTX,2014,May,0.1
AMWD,2004,Sep,2.0
AMX,2005,Jul,3.0
AMX,2011,Jul,2.0
AMZN,1999,Jan,3.0
AMZN,1999,Sep,2.0
ANDE,2006,Jun,2.0
ANDE,2014,Feb,3.0
ANF,1999,Jun,2.0
ANIP,2002,Jun,0.1
ANIP,2012,Jun,0.16666666666666666
ANIP,2013,Jul,0.16666666666666666
ANIX,2015,Jun,0.04
ANIX,2016,Oct,1.0
ANSS,2004,Oct,2.0
ANSS,2007,Jun,2.0
ANTE,2019,Apr,0.2
ANTM,2005,Jun,2.0
ANY,2017,Jul,0.04
ANY,2018,Nov,0.125
AON,1999,May,1.5
AOS,2010,Nov,1.5
AOS,2013,May,2.0
AOS,2016,Oct,2.0
AOS,2016,Sep,2.0
APA,2001,Dec,1.1
APA,2003,Mar,1.05
APA,2004,Jan,2.0
APD,2016,Oct,1.081
APDN,2014,Oct,0.016666666666666666
APDN,2019,Nov,0.025
APEN,2012,Oct,0.14285714285714285
APEN,2016,Dec,0.18181818181818182
APEN,2016,Jun,0.07142857142857142
APEX,2019,Sep,0.3333333333333333
APH,2000,Apr,2.0
APH,2004,Mar,2.0
APH,2007,Apr,2.0
APH,2014,Oct,2.0
APLE,2015,May,0.5
APO,2013,Aug,1.0
APOP,2019,Oct,0.2
APPS,2006,Aug,2.5
APPS,2013,Apr,0.2
APRN,2019,Jun,0.06666666666666667
APTO,2010,Jun,0.03333333333333333
APTO,2014,Oct,0.08333333333333333
APTV,2017,Dec,1.193
ARAV,2018,Oct,0.16666666666666666
ARC,2014,Jul,10.0
ARCO,2015,Jan,1.0
ARCT,2017,Nov,0.14285714285714285
ARE,2002,Jul,100.0
ARE,2006,Apr,1.0
ARGO,2007,Aug,0.666
ARGO,2013,May,1.1
ARGO,2015,Feb,1.1
ARGO,2016,May,1.1
ARGO,2018,Mar,1.15
ARLP,2005,Sep,2.0
ARLP,2014,Jun,2.0
ARMP,2006,May,0.1
ARMP,2015,Aug,0.02
ARMP,2017,Apr,0.1
ARMP,2019,May,0.07142857142857142
ARNA,2017,Jun,0.1
AROW,1999,Nov,1.25
AROW,2001,Oct,1.05
AROW,2002,Oct,1.05
AROW,2003,Sep,1.25
AROW,2004,Sep,1.03
AROW,2005,Sep,1.03
AROW,2006,Sep,1.03
AROW,2007,Sep,1.03
AROW,2009,Sep,1.03
AROW,2010,Sep,1.03
AROW,2011,Sep,1.03
AROW,2012,Sep,1.02
AROW,2013,Sep,1.02
AROW,2014,Sep,1.02
AROW,2015,Sep,1.02
AROW,2016,Sep,1.03
AROW,2017,Sep,1.03
AROW,2018,Sep,1.03
AROW,2019,Sep,1.03
ARR,2015,Aug,0.125
ARTNA,2003,Jul,1.5
ARTNA,2006,Jul,1.5
ARTW,2008,Jul,2.0
ARWR,2004,Jan,0.015384615384615385
ARWR,2011,Nov,0.1
ASB,2000,May,1.1
ASB,2002,Apr,1.1
ASB,2004,May,1.5
ASFI,2004,Mar,2.0
ASGN,2000,Apr,2.0
ASH,2000,Mar,1.0565240359218173
ASH,2005,Jul,1.2177301509985388
ASH,2017,May,2.044
ASMB,2014,Jul,0.2
ASML,2000,Apr,3.0
ASML,2007,Oct,0.8888888888888888
ASML,2012,Nov,0.77
ASNA,2002,Jun,2.0
ASNA,2006,Apr,2.0
ASNA,2012,Apr,2.0
ASNA,2019,Dec,0.05
ASPU,2017,Jan,0.08333333333333333
ASTC,2007,Nov,0.1
ASTC,2017,Oct,0.2
ASTE,1999,Jan,2.0
ASUR,2009,Dec,0.1
ASUR,2012,May,1.5
ASX,2001,Jul,1.17
ASX,2003,Aug,1.1
ASX,2004,Aug,1.0574
ASX,2005,Sep,1.0998
ASX,2007,Aug,1.1479
ASX,2008,Aug,1.029
ASX,2010,Jul,1.09
ASX,2011,Aug,1.0
ASX,2012,Aug,1.0
ASX,2018,Apr,1.0
ASYS,1999,Mar,0.5
AT,2014,Jul,31.0
ATEC,2016,Aug,0.08333333333333333
ATHE,2016,Mar,0.16666666666666666
ATI,1999,Nov,0.5
ATLO,2005,Jul,3.0
ATNI,2006,Apr,2.5
ATOS,2016,Aug,0.06666666666666667
ATOS,2018,Apr,0.08333333333333333
ATR,2007,May,2.0
ATRO,2000,Oct,1.0
ATRO,2011,Aug,1.1
ATRO,2012,Oct,1.15
ATRO,2013,Oct,1.249
ATRO,2014,Sep,1.202
ATRO,2015,Oct,1.15
ATRO,2016,Oct,1.15
ATRO,2018,Oct,1.182
ATRS,1999,Jan,0.2
ATV,2015,Nov,0.15
ATVI,2001,Nov,1.5
ATVI,2003,Jun,1.5
ATVI,2004,Mar,1.5
ATVI,2005,Mar,1.3333333333333333
ATVI,2005,Oct,1.3333333333333333
ATVI,2008,Sep,2.0
AUB,2006,Oct,1.5
AUDC,2000,Oct,2.0
AUTO,2012,Jul,0.2
AVB,2013,Jan,0.8888888888888888
AVD,2000,Mar,1.1
AVD,2001,Mar,1.1
AVD,2002,Apr,1.3333333333333333
AVD,2003,Apr,1.5
AVD,2004,Apr,1.5
AVD,2005,Apr,2.0
AVD,2006,Apr,1.3333333333333333
AVGR,2018,Jan,0.025
AVGR,2019,Jun,0.1
AVNW,2016,Jun,0.08333333333333333
AVT,2000,Sep,2.0
AVXL,2015,Oct,0.25
AWR,2002,Jun,1.5
AWR,2013,Sep,2.0
AX,2015,Nov,4.0
AXGT,2019,May,0.125
AXP,2000,May,3.0
AXP,2005,Oct,1.1424654404204273
AXS,2014,Sep,5.0
AYI,2008,Feb,1.0
AYI,2008,May,1.0
AYTU,2015,Jun,0.082
AYTU,2016,Jul,0.08333333333333333
AYTU,2017,Aug,0.05
AYTU,2018,Aug,0.05
AZN,2015,Jul,2.0
AZZ,2007,May,2.0
AZZ,2012,Jul,2.0
B,2006,Jun,2.0
BAC,2004,Aug,2.0
BAM,2004,Jun,1.5
BAM,2006,Apr,1.5
BAM,2007,Jun,2.5
BAM,2012,May,1.1234074295426946
BAM,2013,Apr,1.033
BAM,2015,May,1.5
BAM,2016,Jun,1.016
BANF,2006,Mar,2.0
BANF,2017,Aug,2.0
BANF,2017,Jul,2.0
BANR,2000,Oct,1.1
BANR,2011,Jun,0.14285714285714285
BAP,2014,Apr,1.039
BAX,2001,May,2.0
BAX,2015,Jul,1.841
BB,2004,Jun,2.0
BB,2007,Aug,3.0
BBAR,2009,Sep,1.138
BBBY,2000,Aug,2.0
BBD,2004,Dec,3.0
BBD,2004,Mar,0.5
BBD,2005,Dec,2.0
BBD,2007,Apr,2.0
BBD,2008,Apr,1.5
BBD,2010,Jan,1.0
BBD,2010,Jul,1.1
BBD,2013,Mar,1.1
BBD,2015,Mar,1.2
BBD,2016,Apr,1.1
BBD,2017,May,1.1
BBD,2018,Apr,1.1
BBD,2019,Apr,1.0
BBDO,2013,Mar,1.1
BBDO,2015,Mar,1.2
BBDO,2016,Apr,1.1
BBDO,2017,May,1.1
BBDO,2018,Apr,2.2
BBDO,2019,Apr,1.2
BBI,2016,May,0.1
BBI,2019,Sep,0.14285714285714285
BBSI,2005,May,1.5
BBSI,2013,Dec,0.5
BBVA,2009,Apr,1.0161
BBVA,2011,Mar,1.0169491525423728
BBVA,2012,Apr,1.0212765957446808
BBY,1999,Mar,2.0
BBY,2002,May,1.5
BBY,2005,Aug,1.5
BC,2005,Feb,1.0
BCBP,2003,Oct,1.1
BCBP,2004,Nov,1.25
BCBP,2005,Oct,1.25
BCDA,2001,Aug,0.3333333333333333
BCDA,2004,Jan,6.0
BCDA,2008,Mar,0.1
BCDA,2017,Nov,0.16666666666666666
BCDA,2019,Jun,0.1111111111111111
BCEI,2017,May,0.008961537082840448
BCH,2006,May,1.0
BCH,2007,May,1.0
BCH,2009,May,1.03
BCH,2011,Apr,1.0
BCH,2012,Jun,1.01892
BCH,2013,May,1.0203
BCH,2014,Jul,1.023
BCH,2015,Jul,1.02
BCH,2016,Jul,1.0223
BCH,2017,Jul,1.02
BCH,2018,Jul,1.02
BCH,2018,Nov,3.0
BCLI,2014,Sep,0.06666666666666667
BCOR,1999,May,2.0
BCOR,2000,Apr,2.0
BCOR,2000,Jan,2.0
BCOR,2002,Sep,0.1
BCPC,2005,Jan,1.5
BCPC,2006,Jan,1.5
BCPC,2007,Jan,1.5
BCPC,2010,Jan,1.5
BCS,2002,May,4.0
BCS,2013,Sep,1.085
BCS,2014,Feb,1.0136986301369864
BCTF,2016,Oct,2.0473
BDC,2000,Aug,1.5
BDC,2004,Jul,0.5
BDGE,2004,Jul,1.5
BDL,1999,Apr,2.0
BECN,2006,Jun,1.5
BELFA,1999,Dec,2.0
BELFB,1999,Dec,2.0
BEN,2013,Jul,3.0
BGCP,2018,Dec,1.555
BGG,2004,Nov,2.0
BH,1999,Dec,1.1
BH,2009,Dec,0.05
BH,2013,Aug,1.077
BH,2014,Aug,1.077
BH,2018,Apr,1.0
BH,2018,May,1.0
BHB,1999,Jan,2.0
BHB,2014,May,1.5
BHB,2017,Mar,1.5
BHC,2000,Jan,4.0
BHC,2000,Oct,2.0
BHE,2003,Nov,1.5
BHE,2006,Apr,1.5
BHP,2001,Jul,2.0651
BHR,2019,Oct,1.01
BIDU,2010,May,10.0
BIIB,1999,Dec,2.0
BIIB,2001,Jan,3.0
BIMI,2009,Aug,0.3333333333333333
BIMI,2010,Sep,0.4
BIO,2002,Mar,2.0
BIOC,2016,Sep,0.3333333333333333
BIOC,2018,Jul,0.03333333333333333
BIOL,2011,Aug,1.01
BIOL,2011,Jun,1.01
BIOL,2011,Mar,1.01
BIOL,2011,Nov,1.01
BIOL,2012,Dec,1.005
BIOL,2012,Jun,1.005
BIOL,2012,Mar,1.005
BIOL,2012,Sep,1.005
BIOL,2013,Aug,1.004
BIOL,2013,Dec,1.004
BIOL,2013,Jun,1.004
BIOL,2013,Mar,1.005
BIOL,2014,Mar,1.005
BIOL,2018,May,0.2
BIP,2016,Sep,1.5
BK,2007,Jul,0.9434
BKD,2015,Apr,1.6666666666666667
BKE,2007,Jan,1.5
BKE,2008,Oct,1.5
BKE,2014,Jan,1.0241
BKNG,2003,Jun,0.16666666666666666
BKSC,2003,Jun,1.1
BKSC,2005,Apr,1.1
BKSC,2006,May,1.25
BKSC,2010,Sep,1.1
BKSC,2018,Apr,1.1
BKYI,2015,Feb,0.5
BKYI,2016,Dec,0.08333333333333333
BLFS,2000,Jun,0.2
BLFS,2014,Jan,0.07142857142857142
BLIN,2015,May,0.2
BLIN,2017,Jul,0.2
BLIN,2019,May,0.02
BLK,2007,Jun,1.0
BLL,2002,Feb,2.0
BLL,2004,Aug,2.0
BLL,2011,Feb,2.0
BLL,2017,May,2.0
BLNK,2011,Feb,0.02
BLNK,2017,Aug,0.02
BLRX,2019,Jul,0.06666666666666667
BLU,2012,May,0.03333333333333333
BLU,2019,Aug,0.277
BMI,2004,Dec,2.0
BMI,2006,Jun,2.0
BMI,2016,Sep,2.0
BMO,2001,Mar,2.0
BMRA,2016,Apr,1.0
BMRC,2000,Apr,1.05
BMRC,2001,Apr,1.05
BMRC,2002,Apr,1.05
BMRC,2003,Apr,1.05
BMRC,2004,May,1.5
BMRC,2005,Apr,1.05
BMRC,2006,Apr,1.05
BMRC,2018,Nov,2.0
BMTC,2003,Oct,2.0
BMY,1999,Mar,2.0
BMY,2001,Aug,1.0506662800214757
BNS,2004,Apr,2.0
BNTC,2015,Jun,0.25
BNTC,2019,Nov,0.1
BOCH,2000,Sep,1.1
BOCH,2004,Aug,3.0
BOKF,1999,Feb,2.0
BOKF,1999,Oct,1.03
BOKF,2001,May,1.03
BOKF,2002,May,1.03
BOKF,2003,May,1.03
BOKF,2004,May,1.03
BOOM,2005,Oct,2.0
BOSC,2003,May,0.25
BOSC,2010,Jan,0.2
BOSC,2012,Dec,0.25
BOTJ,2004,Jan,1.1
BOTJ,2005,Mar,1.5
BOTJ,2006,Mar,1.25
BOTJ,2007,Jun,1.0
BOTJ,2008,Jun,1.1
BOTJ,2009,Jun,1.05
BOTJ,2010,Jun,1.1
BP,1999,Oct,2.0
BPOP,2004,Jul,2.0
BPOP,2012,May,0.1
BPTH,2018,Feb,0.1
BPTH,2019,Jan,0.05
BRBS,2017,Aug,1.5
BRC,2005,Jan,2.0
BRFS,2006,Apr,3.0
BRFS,2010,Apr,4.0
BRKL,2002,Jul,2.187
BRN,2005,Jan,2.0
BRN,2005,Nov,3.0
BRO,2000,Aug,2.0
BRO,2001,Nov,2.0
BRO,2005,Nov,2.0
BRO,2018,Mar,2.0
BSAC,2012,Oct,2.6
BSGM,2018,Sep,0.4
BSQR,2005,Oct,0.25
BSX,2003,Nov,2.0
BTI,2017,Feb,4.0
BUSE,2004,Aug,1.5
BUSE,2015,Sep,0.3333333333333333
BVN,2003,Nov,2.0
BVN,2008,Jul,2.0
BW,2019,Jul,0.1
BWA,2004,May,2.0
BWA,2007,Dec,2.0
BWA,2013,Dec,2.0
BWEN,2012,Aug,0.1
BWXT,2015,Jul,1.398
BXC,2016,Jun,0.1
BXMT,2003,Apr,0.3333333333333333
BXMT,2013,May,0.1
BYFC,2002,Dec,2.0
BZH,2005,Mar,3.0
BZH,2012,Oct,0.2
C,1999,Jun,1.5
C,2000,Aug,1.3333333333333333
C,2011,May,0.1
CAAP,2018,Feb,1.004
CAC,2016,Oct,1.5
CACI,2001,Dec,2.0
CAE,2001,Jul,2.0
CAG,2016,Nov,1.285
CAH,2001,Apr,1.5
CAJ,2006,Aug,1.5
CAKE,2000,Jun,1.5
CAKE,2001,Jun,1.5
CAKE,2004,Dec,1.5
CAL,2006,Apr,1.5
CAL,2007,Apr,1.5
CALM,2004,Apr,2.0
CALM,2014,Nov,2.0
CANF,2019,May,0.06666666666666667
CAPR,2013,Nov,0.02
CAPR,2019,Jun,0.1
CAR,2006,Aug,6.25
CAR,2006,Sep,0.1
CARV,2011,Nov,0.06666666666666667
CASH,2018,Oct,3.0
CASI,2010,Jul,0.09090909090909091
CASS,2002,Dec,1.05
CASS,2004,Mar,1.1
CASS,2005,Sep,1.5
CASS,2006,Sep,1.5
CASS,2007,Nov,1.1
CASS,2011,Dec,1.1
CASS,2012,Dec,1.1
CASS,2017,Dec,1.1
CASS,2018,Dec,1.2
CAT,2005,Jul,2.0
CATB,2018,Dec,1.1
CATC,2002,Jul,3.0
CATO,2005,Jun,2.5
CATS,2011,Sep,0.025
CATS,2013,May,0.1
CATS,2017,Apr,0.16666666666666666
CATY,2002,May,2.0
CATY,2004,Sep,2.0
CB,2006,Apr,0.5
CBAN,1999,Apr,2.0
CBAN,2003,Sep,1.25
CBAN,2005,May,1.25
CBAT,2012,Oct,0.2
CBB,2016,Oct,0.2
CBD,2010,Oct,2.0
CBIO,2015,Aug,0.14285714285714285
CBIO,2017,Feb,0.06666666666666667
CBL,2005,Jun,2.0
CBLI,2015,Jan,0.05
CBMG,2013,Jan,0.01
CBRE,2006,Jun,3.0
CBSH,1999,Nov,1.05
CBSH,2000,Nov,1.05
CBSH,2001,Nov,1.05
CBSH,2002,Nov,1.05
CBSH,2003,Nov,1.05
CBSH,2004,Nov,1.05
CBSH,2005,Nov,1.05
CBSH,2006,Nov,2.05
CBSH,2007,Nov,1.05
CBSH,2008,Nov,1.05
CBSH,2009,Nov,1.05
CBSH,2010,Dec,1.0
CBSH,2011,Nov,1.0
CBSH,2012,Nov,1.05
CBSH,2013,Nov,1.05
CBSH,2014,Nov,1.05
CBSH,2015,Nov,1.05
CBSH,2016,Nov,1.05
CBSH,2017,Nov,1.05
CBSH,2018,Nov,1.05
CBU,2004,Apr,2.0
CCBG,2003,Jun,1.25
CCBG,2005,Jul,1.25
CCCL,2016,Jun,0.125
CCF,2007,Jun,2.0
CCJ,2005,Jan,3.0
CCJ,2006,Feb,2.0
CCM,2014,Jan,1.1384
CCNE,2004,May,2.5
CCOI,2005,Mar,0.05
CCU,2012,Dec,2.5
CDE,2009,May,0.1
CDMO,2009,Oct,0.2
CDMO,2017,Jul,0.14285714285714285
CDOR,2013,Aug,0.25
CDOR,2017,Mar,0.306
CDR,2003,Jul,2.0
CDR,2003,Oct,0.16666666666666666
CDXC,2016,Apr,0.3333333333333333
CDZI,2003,Dec,0.04
CEA,2010,Aug,2.0
CEI,2008,Feb,0.25
CEI,2015,Jul,0.04
CEI,2018,Dec,0.04
CEI,2018,Mar,0.04
CEI,2019,Jul,0.04
CEI,2019,Oct,0.02
CELH,2009,Dec,0.05
CEMI,2004,Mar,0.058823529411764705
CEMI,2012,May,0.125
CEQP,2004,Jan,2.0
CEQP,2013,Jun,1.698
CEQP,2015,Nov,0.1
CERN,2006,Jan,2.0
CERN,2011,Jun,2.0
CERN,2013,Jul,2.0
CETV,1999,Dec,0.125
CETV,2002,Aug,2.0
CETV,2003,Jan,2.0
CETV,2003,Nov,2.0
CETX,2019,Jun,0.125
CETXP,2017,Sep,1.1
CETXP,2018,Mar,1.05
CETXP,2018,Sep,1.05
CETXP,2019,Sep,1.05
CF,2015,Jun,5.0
CFBK,2012,May,0.2
CFBK,2018,Aug,0.181
CFFN,2010,Dec,2.2637
CFFN,2016,Jun,1.0
CFR,1999,Jun,2.0
CGA,2019,Jun,0.08333333333333333
CGIX,2019,Oct,0.03333333333333333
CGNX,2013,Sep,2.0
CGNX,2017,Dec,2.0
CHCI,2015,Sep,0.14285714285714285
CHD,1999,Sep,2.0
CHD,2004,Sep,1.5
CHD,2011,Jun,2.0
CHD,2016,Sep,2.0
CHDN,2019,Jan,3.0
CHE,2005,May,2.0
CHEK,2018,Apr,0.08333333333333333
CHFS,2017,Jan,0.03333333333333333
CHFS,2017,Oct,0.05
CHFS,2019,Jan,0.07142857142857142
CHH,2005,Oct,2.0
CHK,2014,Jul,1.057
CHKP,2000,Jan,2.0
CHKP,2000,Jul,2.0
CHKP,2001,Feb,1.5
CHL,2000,Jul,4.0
CHNR,1999,Jun,0.1
CHRW,2000,Dec,2.0
CHRW,2005,Oct,2.0
CHS,2000,Jan,2.0
CHS,2001,May,1.5
CHS,2002,Jan,1.5
CHS,2002,Jul,2.0
CHS,2005,Feb,2.0
CHT,2006,Aug,1.02
CHT,2007,Dec,0.9090909090909091
CHT,2007,Jul,1.1
CHT,2008,Jan,1.0
CHT,2008,Oct,1.21
CHT,2009,Jul,1.1
CHT,2010,Jan,0.9091
CHT,2011,Jan,0.8
CI,2007,Jun,3.0
CIA,1999,Nov,1.07
CIA,2000,Nov,1.07
CIA,2002,Apr,1.15
CIA,2003,Nov,1.07
CIA,2004,Nov,1.07
CIA,2005,Dec,1.07
CIDM,2016,May,0.1
CIEN,2000,Sep,2.0
CIEN,2006,Sep,0.14285714285714285
CIG,2002,Apr,1.0
CIG,2007,Jun,2.0
CIG,2007,May,1.5
CIG,2008,Apr,1.0
CIG,2009,May,1.25
CIG,2010,Apr,1.0
CIG,2012,May,1.25
CIG,2013,May,1.128
CIG,2014,Jan,1.3076
CIGI,2004,Dec,2.0
CIGI,2015,Jun,1.709
CIM,2015,Apr,0.2
CINF,2004,Apr,1.05
CINF,2005,Apr,1.05
CIZN,2002,Jan,1.5
CJJD,2010,Apr,0.5
CKH,2000,Jun,1.5
CKH,2013,Feb,1.288
CKH,2017,Dec,1.034
CL,1999,Jul,2.0
CL,2013,May,2.0
CLB,2010,Jul,2.0
CLBS,2006,Aug,0.1
CLBS,2007,Aug,0.1
CLBS,2013,Jul,0.1
CLBS,2016,Jul,0.1
CLCT,2002,Dec,0.25
CLCT,2008,Oct,1.1
CLDB,1999,Dec,1.03
CLDB,2000,Dec,1.03
CLDB,2001,Dec,1.03
CLDB,2002,Dec,1.03
CLDB,2003,Dec,1.03
CLDB,2004,Dec,1.03
CLDB,2005,Dec,1.03
CLDB,2006,Dec,1.02
CLDB,2007,Dec,1.01
CLDB,2008,Dec,1.01
CLDB,2009,Mar,1.01
CLDX,2007,Mar,1.0
CLDX,2008,Mar,0.08333333333333333
CLDX,2019,Feb,0.06666666666666667
CLF,2005,Jan,2.0
CLF,2006,Jul,2.0
CLF,2008,May,2.0
CLGX,2010,Jun,1.7516202487300754
CLH,2011,Jul,2.0
CLNY,2017,Jan,1.0
CLPT,2016,Jul,0.025
CLR,2014,Sep,2.0
CLRB,2011,Apr,0.006535947712418301
CLRB,2014,Jun,0.05
CLRB,2016,Mar,0.1
CLRB,2018,Jul,0.1
CLS,1999,Dec,2.0
CLSK,2015,May,3.0
CLSK,2019,Dec,0.1
CLSN,2006,Feb,0.06666666666666667
CLSN,2013,Oct,0.222
CLSN,2017,May,0.07142857142857142
CLW,2011,Aug,2.0
CLWT,1999,Sep,1.2
CLWT,2001,Sep,1.3
CLWT,2003,Sep,1.4
CLWT,2004,Aug,1.5
CLWT,2012,Jan,0.18181818181818182
CLX,1999,Aug,2.0
CMC,2002,Jul,2.0
CMC,2005,Jan,2.0
CMC,2006,May,2.0
CMCL,2013,Apr,0.1
CMCL,2017,Jun,0.2
CMCSA,1999,May,2.0
CMCSA,2007,Feb,1.5
CMCSA,2017,Feb,2.0
CMCT,2014,Apr,0.2
CMCT,2019,Sep,0.3333333333333333
CMD,2002,May,1.5
CMD,2005,Jan,1.5
CMD,2012,Feb,1.5
CMD,2013,Jul,1.5
CME,2012,Jul,6.0
CMI,2007,Apr,2.0
CMI,2008,Jan,2.0
CMO,2000,May,0.5
CMO,2001,Jul,0.5
CMO,2001,Jun,0.5
CMT,2013,Jan,0.8333333333333334
CMT,2013,Nov,5.0
CMTL,1999,Aug,1.5
CMTL,2003,Jul,1.5
CMTL,2005,Apr,1.5
CNC,2003,Jul,1.5
CNC,2004,Dec,2.0
CNC,2015,Feb,2.0
CNC,2019,Feb,2.0
CNET,2016,Aug,0.4
CNI,1999,Sep,2.0
CNI,2004,Mar,1.5
CNI,2006,Mar,2.0
CNI,2013,Dec,2.0
CNMD,2001,Sep,3.0
CNOB,1999,May,1.05
CNOB,2001,May,1.05
CNOB,2002,May,1.05
CNOB,2003,Jun,2.0
CNOB,2004,May,1.0
CNOB,2005,May,1.05
CNOB,2007,Apr,1.05
CNP,2002,Oct,1.1862396204033214
CNQ,2004,Jun,2.0
CNQ,2005,May,2.0
CNQ,2010,Jun,2.0
CNR,2010,Mar,0.2
CNX,2006,Jun,2.0
CNX,2017,Nov,1.2
CNXN,2000,May,1.5
COCP,2018,Jan,0.03333333333333333
CODA,2017,Jan,0.07142857142857142
COF,1999,Jun,3.0
COFS,2002,May,1.0
COFS,2005,May,1.05
COFS,2017,May,1.05
COFS,2018,May,1.05
COG,2005,Apr,1.5
COG,2007,Apr,2.0
COG,2012,Jan,2.0
COG,2013,Aug,2.0
COHN,2009,Dec,0.1
COHN,2017,Sep,0.1
COHU,1999,Sep,2.0
COLB,1999,May,1.05
COLB,2000,May,1.1
COLB,2001,May,1.1
COLB,2002,Apr,1.05
COLB,2004,May,1.05
COLM,2001,Jun,1.5
COLM,2014,Sep,2.0
COO,2002,Nov,2.0
COOP,2012,Jun,0.8333333333333334
COOP,2014,Jun,0.8571428571428571
COOP,2018,Oct,0.08333333333333333
COP,2005,Jun,2.0
COP,2012,May,1.311791
COR,2014,Jun,10.0
CORE,2014,Jun,2.0
CORE,2016,Jun,4.0
CORR,2015,Dec,0.2
COST,2000,Jan,2.0
COWN,2016,Dec,0.25
CP,2001,Oct,2.0
CPA,2013,Apr,0.5
CPA,2013,May,0.5
CPAH,2008,Mar,1.2
CPAH,2015,Nov,0.1
CPF,2002,Nov,2.0
CPF,2011,Feb,0.05
CPHI,2003,Aug,0.0458631443771785
CPK,2014,Sep,1.5
CPLP,2019,Mar,0.14285714285714285
CPRT,1999,Jan,2.0
CPRT,2000,Jan,2.0
CPRT,2002,Jan,1.5
CPRT,2012,Mar,2.0
CPRT,2017,Apr,4.0
CPST,2015,Nov,0.05
CPST,2019,Oct,0.1
CRC,2016,Jun,0.1
CREE,1999,Aug,2.0
CREE,2000,Dec,2.0
CREG,2016,May,0.1
CRESY,2009,Nov,1.053
CRESY,2014,Dec,1.011
CRESY,2016,Nov,1.0
CRESY,2018,Nov,1.0
CREX,2012,Dec,0.2
CREX,2018,Oct,0.03333333333333333
CRI,2006,Jun,2.0
CRIS,2018,May,0.2
CRK,2016,Aug,0.2
CRM,2013,Apr,4.0
CRMD,2019,Mar,0.2
CRMT,2005,Apr,1.5
CROX,2007,Jun,2.0
CRS,2007,Nov,2.0
CRVL,1999,Jun,2.0
CRVL,2001,Sep,1.5
CRVL,2006,Dec,1.5
CRVL,2013,Jun,2.0
CRY,2000,Dec,1.5
CS,2013,May,1.024
CSBR,2015,Aug,0.16666666666666666
CSCO,1999,Jun,2.0
CSCO,2000,Mar,2.0
CSGS,1999,Mar,2.0
CSII,2009,Feb,0.1
CSL,2007,Mar,2.0
CSPI,1999,Apr,1.1
CSWC,2013,Aug,4.0
CSX,2006,Aug,2.0
CSX,2011,Jun,3.0
CTAS,2000,Mar,1.5
CTBI,1999,Mar,1.1
CTBI,2000,Mar,1.1
CTBI,2002,Nov,1.1
CTBI,2003,Nov,1.1
CTBI,2004,Nov,1.1
CTBI,2014,May,1.1
CTEK,2017,Jan,0.3333333333333333
CTHR,2005,Jun,1.0
CTHR,2006,Jan,1.25
CTIC,2007,Apr,0.25
CTIC,2008,Sep,0.1
CTIC,2011,May,0.16666666666666666
CTIC,2012,Sep,0.2
CTIC,2017,Jan,0.1
CTL,1999,Apr,1.5
CTS,1999,Aug,2.0
CTSH,2000,Mar,2.0
CTSH,2003,Apr,3.0
CTSH,2004,Jun,2.0
CTSH,2007,Oct,2.0
CTSH,2014,Mar,2.0
CTSO,2014,Dec,0.04
CTXR,2017,Jun,0.06666666666666667
CTXS,1999,Mar,2.0
CTXS,2000,Feb,2.0
CTXS,2017,Feb,1.2558
CUB,2002,May,3.0
CUBI,2014,May,1.1
CUK,2003,Apr,2.201
CUZ,2000,Oct,1.5
CUZ,2016,Oct,1.417
CUZ,2019,Jun,0.25
CVBF,2000,Feb,1.25
CVBF,2001,Jan,1.1
CVBF,2002,Jan,1.25
CVBF,2003,Dec,1.1
CVBF,2003,Jan,1.25
CVBF,2005,Jan,1.25
CVBF,2006,Jan,1.25
CVBF,2007,Jan,1.1
CVCO,2005,Feb,2.0
CVCY,1999,Jun,1.1
CVCY,2003,Jan,2.0
CVCY,2005,Nov,2.0
CVLY,1999,Apr,1.05
CVLY,2000,May,1.05
CVLY,2001,Apr,1.05
CVLY,2002,Apr,1.05
CVLY,2003,Apr,1.05
CVLY,2004,Apr,1.05
CVLY,2005,Apr,1.05
CVLY,2006,Apr,1.05
CVLY,2006,Oct,1.05
CVLY,2007,Apr,1.05
CVLY,2008,Apr,1.05
CVLY,2012,Oct,1.05
CVLY,2013,Oct,1.05
CVLY,2014,Oct,1.05
CVLY,2015,Oct,1.05
CVLY,2016,Oct,1.05
CVLY,2017,Oct,1.05
CVLY,2018,Oct,1.05
CVLY,2019,Oct,1.05
CVM,2013,Sep,0.1
CVM,2017,Jun,0.04
CVS,2005,Jun,2.0
CVU,1999,Jun,0.3333333333333333
CVX,2004,Sep,2.0
CW,2003,Dec,2.0
CW,2006,Apr,2.0
CWCO,2005,Aug,2.0
CWT,2011,Jun,2.0
CX,1999,Sep,3.0
CX,2006,Jul,2.0
CX,2009,May,1.04
CX,2010,Jun,1.0
CX,2011,Mar,1.0
CX,2012,Mar,1.04
CX,2013,Apr,1.04
CX,2014,Apr,1.04
CX,2015,Apr,1.04
CX,2016,Apr,1.04
CX,2017,May,1.04
CXDC,2009,Feb,0.008058017727639
CXW,2000,Sep,1.0
CXW,2001,May,0.1
CXW,2006,Sep,1.5
CXW,2007,Jul,2.0
CYAN,2006,Nov,0.25
CYBE,2000,Jun,1.5
CYCC,2006,Mar,0.1
CYCC,2012,Aug,0.14285714285714285
CYCC,2016,May,0.08333333333333333
CYCCP,2016,May,0.08333333333333333
CYH,2016,Apr,1.21
CYRN,2008,Jan,0.3333333333333333
CYRX,2010,Feb,0.1
CYRX,2015,May,0.08333333333333333
CYTK,2013,Jun,0.16666666666666666
CZNC,1999,Nov,1.0
CZNC,2000,Nov,1.01
CZNC,2002,Dec,1.01
CZNC,2002,Jan,1.01
CZNC,2003,Apr,1.5
CZNC,2003,Dec,1.01
CZNC,2004,Dec,1.0
CZNC,2005,Dec,1.01
CZNC,2006,Dec,1.01
CZNC,2007,Dec,1.01
CZR,2012,Feb,1.0
CZWI,2006,Nov,1.0
D,2007,Nov,2.0
DAC,2019,May,0.07142857142857142
DAKT,2000,Jan,2.0
DAKT,2001,Jun,2.0
DAKT,2006,Jun,2.0
DARE,2017,Jul,0.1
DB,2014,Jun,1.048
DBCP,1999,Nov,1.2
DBCP,2000,Nov,1.2
DBCP,2001,Nov,1.2
DBCP,2002,Nov,1.2
DBCP,2003,Nov,1.2
DBCP,2004,Nov,1.2
DBCP,2005,Dec,1.2
DBCP,2006,Dec,1.2
DBCP,2007,Dec,1.2
DBCP,2008,Dec,1.2
DBI,2013,Nov,2.0
DCI,2004,Mar,2.0
DCI,2012,Mar,2.0
DCOM,2001,Aug,1.5
DCOM,2002,Apr,1.5
DCOM,2004,Mar,1.5
DCTH,2019,Dec,0.0014285714285714286
DCTH,2019,Oct,0.01
DD,2000,Jun,3.0
DD,2019,Apr,1.487
DD,2019,Jun,0.4725
DDD,2011,May,2.0
DDD,2013,Feb,1.5
DE,2007,Dec,2.0
DECK,2010,Aug,1.0
DECK,2010,Jul,3.0
DELL,2018,Dec,1.806
DFFN,2014,Mar,0.01
DFFN,2016,Aug,0.1
DFFN,2018,Dec,0.06666666666666667
DGICA,2005,Mar,1.3333333333333333
DGICA,2006,Apr,1.3333333333333333
DGICB,2005,Mar,1.3333333333333333
DGICB,2006,Apr,1.3333333333333333
DGLY,2012,Aug,0.125
DGX,2001,Jun,2.0
DGX,2005,Jun,2.0
DHI,2000,Sep,1.09
DHI,2001,Mar,1.11
DHI,2002,Apr,1.5
DHI,2004,Jan,1.5
DHI,2005,Mar,1.3333333333333333
DHIL,2001,Sep,0.2
DHR,2004,May,2.0
DHR,2010,Jun,2.0
DHR,2016,Jul,1.319
DHT,2012,Jul,0.08333333333333333
DIN,1999,May,2.0
DIOD,2000,Jul,1.5
DIOD,2003,Nov,1.5
DIOD,2005,Dec,1.5
DIOD,2007,Jul,1.5
DIS,2007,Jun,1.0136847440446022
DISCA,2014,Aug,1.957
DISCB,2014,Aug,1.95
DISCK,2014,Aug,2.0
DISH,1999,Jul,2.0
DISH,1999,Oct,2.0
DISH,2000,Mar,2.0
DIT,2000,Jan,1.1
DIT,2004,May,0.16666666666666666
DKS,2004,Apr,2.0
DKS,2007,Oct,2.0
DLA,2002,Sep,2.0
DLA,2005,Jun,2.0
DLHC,2000,Jun,0.2857142857142857
DLHC,2008,Apr,0.25
DLPN,2007,May,0.06666666666666667
DLPN,2016,May,0.05
DLPN,2017,Sep,0.5
DLTR,2000,Jun,1.5
DLTR,2010,Jun,1.5
DLTR,2012,Jun,2.0
DLX,2001,Jan,1.2507817385866167
DMAC,2018,Nov,0.05
DMPI,2019,May,0.1
DMTK,2019,Aug,0.5
DNN,2006,Dec,2.88
DNN,2016,Dec,1.0
DNR,2005,Nov,2.0
DNR,2007,Dec,2.0
DORM,2005,Mar,2.0
DORM,2012,Jun,2.0
DOV,2014,Mar,1.205
DOV,2018,May,1.238
DPW,2019,Aug,0.025
DPW,2019,Mar,0.05
DQ,2012,Dec,0.2
DRAD,2019,Jun,0.1
DRD,2007,Jul,0.1
DRI,2002,May,1.5
DRI,2015,Nov,1.1186933661483387
DRQ,2006,Oct,2.0
DS,2013,May,2.133
DS,2014,Aug,0.3333333333333333
DS,2014,Feb,1.19
DS,2014,Nov,5.575
DS,2014,Oct,0.5
DSPG,2000,Mar,2.0
DSS,2001,Nov,0.005
DSS,2016,Aug,0.5
DSWL,2002,Jul,1.5
DSWL,2005,Mar,1.5
DSWL,2013,Sep,1.0
DTSS,2018,May,0.3333333333333333
DUK,2001,Jan,2.0
DUK,2007,Jan,1.7208742040956806
DUK,2012,Jul,0.3333333333333333
DVA,2004,Jun,1.5
DVA,2013,Sep,2.0
DVAX,2014,Nov,0.1
DVN,2004,Nov,2.0
DWSN,1999,Oct,1.05
DWSN,2006,Apr,1.05
DWSN,2007,Apr,1.05
DWSN,2008,Apr,1.05
DWSN,2009,Apr,1.05
DWSN,2010,Apr,1.05
DWSN,2012,Apr,1.05
DWSN,2013,Apr,1.05
DWSN,2015,Feb,0.3333333333333333
DWSN,2018,May,1.05
DX,1999,Aug,0.25
DX,2019,Jun,0.3333333333333333
DXC,2015,Nov,1.7412
DXC,2018,Jun,1.156
DXPE,2008,Oct,2.0
DY,1999,Jan,1.5
DY,2000,Feb,1.5
DYNT,2012,Dec,0.2
DZSI,2010,Mar,0.2
DZSI,2017,Mar,0.2
E,2001,Jun,0.5
E,2006,Jan,2.5
EA,2000,Sep,2.0
EA,2003,Nov,2.0
EARS,2018,Mar,0.1
EARS,2019,Apr,1.0
EARS,2019,May,0.05
EAST,2017,Jun,0.3333333333333333
EAT,2001,Jan,1.5
EAT,2006,Dec,1.5
EBAY,1999,Mar,3.0
EBAY,2000,May,2.0
EBAY,2003,Aug,2.0
EBAY,2005,Feb,2.0
EBAY,2015,Jul,2.376
EBIX,2002,Oct,0.125
EBIX,2008,Oct,3.0
EBIX,2009,Dec,1.0
EBIX,2010,Jan,3.0
EBIX,2016,Aug,3.0
EBMT,2010,Apr,3.8
EBSB,2014,Jul,2.448
EBTC,2006,Jul,2.0
ECL,2003,Jun,2.0
EDSA,2015,Sep,0.1
EDSA,2018,May,0.14285714285714285
EDSA,2019,Jun,0.16666666666666666
EDU,2011,Aug,4.0
EDUC,2018,Aug,2.0
EFOI,2014,Jul,0.2
EGAN,2003,Aug,0.1
EGBN,2000,Apr,1.25
EGBN,2001,Jun,1.4
EGBN,2005,Mar,1.3
EGBN,2006,Jul,1.3
EGBN,2008,Sep,1.1
EGBN,2013,May,1.1
EGLE,2012,May,0.25
EGLE,2014,Oct,0.05495230140238273
EGLE,2016,Aug,0.05
EGO,2018,Dec,0.2
EGY,2000,Mar,1.0
EGY,2003,Feb,1.0
EHC,2006,Oct,0.2
EIGR,2016,Mar,0.06666666666666667
EKSO,2016,May,0.14285714285714285
EL,1999,Jun,2.0
EL,2012,Jan,2.0
ELGX,2019,Mar,0.1
ELLO,2011,Jun,0.1
ELOX,1999,Oct,2.0
ELOX,2013,Oct,0.01
ELOX,2017,Dec,0.05
ELS,2013,Jul,2.0
ELS,2019,Oct,2.0
ELSE,2001,Feb,1.5
ELTK,2017,Nov,0.2
EMAN,2006,Nov,0.1
EME,2006,Feb,3.0
EME,2007,Jul,2.0
EMKR,2000,Sep,2.0
EMKR,2012,Feb,0.25
EML,1999,Jun,1.5
EML,2006,Oct,1.5
EMN,2011,Oct,2.0
EMR,2006,Dec,2.0
ENB,1999,May,2.0
ENB,2005,May,4.0
ENB,2011,Jun,2.0
ENB,2011,May,2.0
ENIA,2013,Feb,1.01
ENIA,2016,Apr,1.854
ENLC,2006,Dec,3.0
ENLV,2017,Sep,0.2
ENLV,2019,Mar,0.125
ENS,2011,Oct,10.0
ENSG,2014,Jun,1.833
ENSG,2015,Dec,2.0
ENSG,2019,Oct,1.069
ENZ,2001,Feb,1.05
ENZ,2002,Jan,1.05
ENZ,2003,Jun,1.05
ENZ,2004,Oct,1.05
EOG,2005,Mar,2.0
EOG,2014,Apr,2.0
EPAC,2003,Oct,2.0
EPAC,2007,Nov,2.0
EPC,2015,Jul,1.349
EPD,2002,May,2.0
EPD,2014,Aug,2.0
EPIX,2018,Apr,0.05
EPM,2002,Feb,0.01
EPM,2004,Feb,0.025
EPSN,2018,Dec,0.5
EQC,2010,Jul,0.25
EQIX,2002,Dec,0.03125
EQR,2001,Oct,2.0
EQT,2001,Jun,2.0
EQT,2005,Sep,2.0
EQT,2018,Nov,1.837
EQX,2019,Aug,0.2
ERIC,2000,May,4.0
ERIC,2002,Oct,0.1
ERIC,2008,Jun,2.0
ERJ,2002,Mar,1.0
EROS,2013,Nov,0.3333333333333333
ES,2013,Apr,2.0
ESBK,1999,Mar,1.05
ESBK,2000,Jun,1.05
ESBK,2001,Jun,1.1
ESBK,2002,Jun,1.1
ESBK,2003,Jun,1.1
ESBK,2004,Jun,1.1
ESBK,2005,Jun,1.1
ESBK,2006,Jun,1.1
ESBK,2007,Jun,1.1
ESBK,2008,Jun,1.1
ESBK,2011,Dec,1.1
ESBK,2012,Dec,1.05
ESBK,2013,Dec,1.1
ESBK,2018,Jun,1.05
ESCA,2002,Apr,3.0
ESCA,2004,May,2.0
ESE,2005,Sep,2.0
ESEA,2006,Oct,0.3333333333333333
ESEA,2015,Jul,0.1
ESEA,2019,Dec,0.125
ESP,2006,Jan,2.0
ESTE,2011,Jan,0.1
ET,2014,Jan,2.0
ET,2015,Jul,2.0
ETFC,1999,Feb,2.0
ETFC,1999,May,2.0
ETFC,2010,Jun,0.1
ETH,1999,May,1.5
ETN,2001,Jan,1.1524720525527257
ETN,2004,Feb,2.0
ETN,2011,Mar,2.0
EV,2000,Nov,2.0
EV,2005,Jan,2.0
EVBN,2002,Nov,1.05
EVBN,2003,Oct,1.05
EVBN,2004,Dec,1.05
EVBN,2005,Nov,1.05
EVFM,2018,Jan,0.16666666666666666
EVGN,2013,Nov,0.5
EVOL,2009,Jul,0.5
EVSI,2019,Apr,0.02
EW,2010,May,2.0
EW,2015,Dec,2.0
EWBC,2004,Jun,2.0
EXC,2004,May,2.0
EXP,2006,Feb,3.0
EXPD,1999,Jun,2.0
EXPD,2002,Jun,2.0
EXPD,2006,Jun,2.0
EXPE,2011,Dec,0.5
EXPO,2006,Jun,2.0
EXPO,2015,Jun,2.0
EXPO,2018,Jun,2.0
EXTR,2000,Aug,2.0
EYEG,2019,Aug,0.06666666666666667
EYPT,2008,Jun,0.25
EZPW,2006,Dec,3.0
F,2000,Aug,1.748175
F,2000,Jun,1.0409076714895389
FARM,2004,May,10.0
FAST,2002,May,2.0
FAST,2005,Nov,2.0
FAST,2011,May,2.0
FAST,2019,May,2.0
FBC,2001,Jul,1.5
FBC,2002,Jun,1.5
FBC,2003,May,2.0
FBC,2010,May,1.1
FBC,2012,Oct,0.1
FBIZ,2015,Aug,4.0
FBMS,2006,Mar,2.0
FBNC,1999,Sep,1.5
FBNC,2004,Nov,1.5
FBP,2002,Oct,1.5
FBP,2005,Jul,2.0
FBP,2011,Jan,0.06666666666666667
FBSS,2002,May,2.0
FCAP,2006,Jul,1.1
FCAU,2011,Jan,2.304147465437788
FCAU,2016,Jan,1.52
FCBC,1999,Apr,1.25
FCBC,2002,Feb,1.1
FCBC,2003,Jul,1.1
FCCO,2001,May,1.05
FCCO,2002,Mar,1.25
FCCY,2000,Jan,1.05
FCCY,2001,Jan,1.05
FCCY,2002,Jan,1.05
FCCY,2003,Jan,1.05
FCCY,2004,Jan,1.05
FCCY,2005,Jan,1.05
FCCY,2005,Mar,2.0
FCCY,2006,Jan,1.05
FCCY,2007,Jan,1.06
FCCY,2008,Jan,1.06
FCCY,2009,Jan,1.05
FCCY,2010,Jan,1.05
FCCY,2011,Jan,1.0
FCCY,2012,Jan,1.05
FCCY,2013,Jan,1.05
FCCY,2015,Mar,1.05
FCCY,2016,Jan,1.05
FCEL,1999,Nov,1.5
FCEL,2000,Sep,2.0
FCEL,2001,Jun,2.0
FCEL,2015,Dec,0.08333333333333333
FCEL,2019,May,0.08333333333333333
FCF,1999,Nov,2.0
FCFS,2004,Apr,1.5
FCFS,2006,Feb,2.0
FCN,2002,Jan,1.5
FCN,2003,Jun,1.5
FCX,2011,Feb,2.0
FDBC,2000,Jul,2.0
FDBC,2006,Jan,1.1
FDBC,2017,Sep,1.5
FDEF,2018,Jul,2.0
FDS,1999,Feb,1.5
FDS,2000,Feb,2.0
FDS,2005,Feb,1.5
FDX,1999,May,2.0
FE,2003,Apr,0.3333333333333333
FELE,2002,Mar,2.0
FELE,2004,Jun,2.0
FELE,2013,Mar,2.0
FFBC,1999,Dec,1.1
FFBC,2001,Mar,1.05
FFG,2013,Sep,1.0
FFHL,2016,Dec,0.25
FFIC,2001,Aug,1.5
FFIC,2003,Dec,1.5
FFIN,2001,Jun,1.25
FFIN,2003,Jun,1.25
FFIN,2005,Jun,1.3333333333333333
FFIN,2011,Jun,1.5
FFIN,2014,Jun,2.0
FFIN,2019,Jun,2.0
FFIV,2007,Aug,2.0
FFWM,2017,Jan,2.0
FGBI,2015,Dec,1.1
FGBI,2017,Dec,1.1
FGBI,2019,Dec,1.1
FHI,2000,Jul,1.5
FHN,2008,Dec,1.0
FHN,2008,Sep,1.0306
FHN,2009,Dec,1.0
FHN,2009,Jun,1.0
FHN,2009,Mar,1.0
FHN,2009,Sep,1.0159
FHN,2010,Dec,1.0
FHN,2010,Jun,1.0
FHN,2010,Mar,1.0
FHN,2010,Sep,1.0
FICO,2001,Jun,1.5
FICO,2002,Jun,1.5
FICO,2004,Mar,1.5
FISV,1999,May,1.5
FISV,2001,Sep,1.5
FISV,2013,Dec,2.0
FISV,2018,Mar,2.0
FITB,2000,Jul,1.5
FIZZ,2004,Mar,2.0
FIZZ,2007,May,1.2
FLEX,1999,Dec,2.0
FLEX,1999,Jan,2.0
FLEX,2000,Oct,2.0
FLIC,2002,Jul,1.5
FLIC,2007,Apr,2.0
FLIC,2014,Oct,1.5
FLIC,2016,Nov,1.5
FLIR,2003,May,2.0
FLIR,2005,Feb,2.0
FLIR,2007,Dec,2.0
FLNT,2015,Mar,0.2
FLO,2002,Jan,1.5
FLO,2003,Jun,1.5
FLO,2005,Jul,1.5
FLO,2007,Jul,1.5
FLO,2011,Jun,1.5
FLO,2013,Jun,1.5
FLR,2008,Jul,2.0
FLS,2013,Jun,3.0
FMAO,2006,May,4.0
FMAO,2017,Sep,2.0
FMBH,2001,Nov,1.5
FMBH,2004,Jul,1.5
FMBH,2007,Jul,1.5
FMBI,1999,Dec,1.5
FMBI,2001,Dec,1.25
FMC,2007,Sep,2.0
FMC,2012,May,2.0
FMC,2019,Mar,1.153
FMNB,1999,Nov,2.02
FMNB,1999,Oct,2.0
FMNB,2000,Aug,1.02
FMNB,2001,Nov,1.02
FMNB,2002,Nov,1.02
FMNB,2003,Nov,1.02
FMNB,2004,Nov,1.02
FMS,2012,Dec,2.0
FMX,2007,May,3.0
FNB,1999,May,1.05
FNB,2000,Apr,1.05
FNB,2001,May,1.05
FNB,2002,May,1.05
FNB,2003,May,1.05
FNCB,2002,Dec,2.0
FNCB,2003,Feb,2.0
FNCB,2004,Oct,2.0
FNCB,2006,Mar,1.1
FNCB,2007,Dec,1.25
FNF,2014,Jul,1.216
FNF,2017,Oct,1.385
FNHC,2004,Sep,1.5
FNJN,2013,Aug,0.08333333333333333
FNLC,2004,Jun,3.0
FONR,2007,Apr,0.04
FORR,2000,Feb,2.0
FOSL,1999,Aug,1.5
FOSL,2002,Jun,1.5
FOSL,2004,Apr,1.5
FPAY,2016,Oct,0.1
FPI,2014,Oct,0.25
FRAF,2004,Jun,1.25
FRAN,2019,Jul,0.08333333333333333
FRBK,1999,Feb,1.1
FRBK,2004,Aug,1.1
FRBK,2005,May,1.0
FRBK,2006,May,1.1
FRBK,2007,Apr,1.1
FRD,1999,Apr,1.05
FRD,2000,Apr,1.05
FRME,2001,Aug,1.05
FRME,2002,Aug,1.05
FRME,2003,Aug,1.05
FRO,2016,Feb,1.4
FRO,2016,Jan,0.2
FRPH,2011,Jan,3.0
FTFT,2009,Oct,0.6666666666666666
FTFT,2016,Mar,0.125
FTI,2007,Sep,2.0
FTI,2011,Apr,2.0
FTI,2017,Jan,2.0
FTK,2007,Jul,2.0
FTNT,2011,Jun,2.0
FUL,2001,Nov,2.0
FUL,2006,Aug,2.0
FULT,1999,May,1.1
FULT,2000,May,1.05
FULT,2001,Apr,1.05
FULT,2002,May,1.25
FULT,2003,Apr,1.05
FULT,2004,May,1.05
FULT,2005,Jun,1.25
FULT,2006,May,1.05
FUSB,2003,Jul,2.0
FVCB,2016,Jul,1.25
FVCB,2016,Jun,1.0
FVCB,2017,Sep,2.75
FVE,2019,Oct,0.1
FWONA,2014,Jul,2.865
FWONA,2014,Nov,1.321
FWONA,2016,Apr,1.423988
FWONK,2014,Nov,1.323
FWONK,2016,Apr,1.365941
FWP,2019,Dec,0.14285714285714285
FWRD,1999,Mar,2.0
FWRD,2000,Jan,1.5
FWRD,2005,Apr,1.5
FXNC,2003,Jun,2.0
FXNC,2005,May,2.0
GABC,1999,Nov,2.05
GABC,2000,Nov,1.05
GABC,2001,Nov,1.05
GABC,2002,Nov,1.05
GABC,2003,Nov,1.05
GABC,2017,Apr,1.5
GALT,2012,Mar,0.16666666666666666
GBCI,1999,May,1.1
GBCI,2000,May,1.1
GBCI,2003,May,1.1
GBCI,2004,May,1.25
GBCI,2005,May,1.25
GBCI,2006,Dec,1.5
GBL,2015,Dec,1.857
GBLI,2010,Jul,0.5
GBR,2001,Dec,0.04
GBR,2002,Feb,1.25
GBR,2003,Oct,2.0
GCBC,1999,Jul,1.1
GCBC,2005,Jun,2.0
GCBC,2016,Mar,2.0
GCO,2006,Mar,1.0
GD,2006,Mar,2.0
GDEN,2004,May,2.0
GDEN,2014,Sep,0.5
GE,2000,May,3.0
GE,2019,Feb,1.04
GEC,1999,Nov,2.0
GEC,2003,Oct,0.3333333333333333
GEC,2016,Jan,0.08333333333333333
GEL,2011,Apr,10.0
GEL,2013,Apr,3.909090909090909
GEN,2011,Apr,10.0
GEN,2012,Dec,6.0
GEN,2013,Apr,3.909090909090909
GENC,2016,Aug,1.5
GENE,2015,Jan,0.2
GENE,2019,Aug,0.25
GEO,2006,Oct,1.5
GEO,2007,Jun,2.0
GEO,2017,Apr,1.5
GEOS,2012,Oct,2.0
GERN,2014,Jul,1.058
GES,2007,Mar,2.0
GEVO,2015,Apr,0.06666666666666667
GEVO,2017,Jan,0.05
GEVO,2018,Jun,0.05
GFF,2001,Aug,1.1
GFI,2013,Feb,1.161
GGB,2000,May,2.0
GGB,2003,May,1.3
GGB,2004,May,2.0
GGB,2005,Apr,1.5
GGB,2006,Apr,1.5
GGB,2008,Jun,2.0
GGG,2001,Feb,1.5
GGG,2002,Jun,1.5
GGG,2004,Mar,1.5
GGG,2017,Dec,3.0
GHC,2015,Jul,1.655
GHM,2005,Oct,2.0
GHM,2008,Jan,1.25
GHM,2008,Oct,2.0
GHM,2008,Sep,1.0
GIB,2000,Jan,2.0
GIGM,2015,Dec,0.2
GIII,2006,Mar,1.5
GIII,2015,May,2.0
GIL,2001,Feb,2.0
GIL,2005,Jun,2.0
GIL,2007,May,2.0
GIL,2015,Mar,2.0
GILD,2001,Feb,2.0
GILD,2002,Mar,2.0
GILD,2004,Sep,2.0
GILD,2007,Jun,2.0
GILD,2013,Jan,2.0
GILT,2003,Apr,0.05
GIS,1999,Nov,2.0
GIS,2010,Jun,2.0
GL,2011,Jul,1.5
GL,2013,May,0.9333333333333333
GL,2014,Jul,1.5
GLBS,2010,Jul,0.25
GLBS,2016,Oct,0.25
GLBS,2018,Oct,0.1
GLBZ,1999,Dec,1.2
GLBZ,2001,Jun,1.5
GLBZ,2003,Dec,1.2
GLBZ,2006,Jan,1.2
GLBZ,2008,Jan,1.2
GLG,2019,Jan,0.2
GLIBA,2014,Apr,2.0
GLIBA,2014,Aug,2.035
GLIBP,2014,Apr,2.0
GLIBP,2014,Aug,2.033
GLW,2000,Oct,3.0
GMAB,2018,May,5.0
GME,2007,Mar,2.0
GNCA,2019,May,0.125
GNK,2016,Jul,0.1
GNL,2017,Mar,0.3333333333333333
GNTX,2005,May,2.0
GNTX,2015,Jan,2.0
GNUS,2014,Apr,0.01
GNUS,2016,Nov,0.3333333333333333
GOGL,2016,Aug,0.2
GOL,2005,Dec,2.0
GOL,2016,Feb,0.1
GOL,2017,Apr,2.0
GOL,2017,May,4.0
GOL,2017,Nov,2.5
GOOG,2014,Mar,2.002
GOOG,2015,Apr,1.0
GOOGL,2014,Apr,1.998
GPK,2000,Jan,1.8
GPN,2005,Oct,2.0
GPN,2015,Nov,2.0
GPOR,1999,Mar,0.02
GPS,1999,Jun,1.5
GRBK,2012,Jun,0.05
GRBK,2014,Sep,1.532
GRC,2004,Sep,1.25
GRC,2006,Dec,1.25
GRC,2007,Dec,1.25
GRC,2011,Jun,1.25
GRC,2013,Dec,1.25
GRFS,2011,Dec,1.1
GRFS,2012,Dec,1.05
GRFS,2012,Jul,0.5
GRFS,2016,Jan,2.0
GRMN,2006,Aug,2.0
GROW,2007,Mar,2.0
GRVY,2015,May,0.125
GRVY,2018,Aug,2.0
GSBC,2004,Jun,2.0
GSH,2006,Jun,0.5
GSL,2019,Mar,0.125
GSS,2018,Oct,0.2
GTIM,2010,Dec,0.3333333333333333
GTS,2019,Jul,1.0
GURE,2006,Oct,0.01
GURE,2007,Nov,2.0
GURE,2009,Oct,0.25
GVA,2001,Apr,1.5
GYRO,2002,Apr,1.1
GYRO,2015,Sep,0.09
HAE,2012,Dec,2.0
HAFC,1999,Apr,1.11
HAFC,2000,Feb,1.1
HAFC,2001,Mar,1.12
HAFC,2001,Sep,1.5
HAFC,2002,Mar,1.09
HAFC,2005,Feb,2.0
HAFC,2005,Jan,1.0
HAFC,2011,Dec,0.125
HAIN,2014,Dec,2.0
HAL,2006,Jul,2.0
HALL,2006,Jul,0.16666666666666666
HAS,1999,Mar,1.5
HBAN,1999,Jul,1.1
HBAN,2000,Jul,1.1
HBI,2015,Mar,4.0
HBIO,2013,Nov,1.319
HBNC,2003,Nov,1.5
HBNC,2011,Dec,1.5
HBNC,2012,Nov,1.5
HBNC,2016,Nov,1.5
HBNC,2018,Jun,1.5
HCHC,2013,Aug,1.0
HCM,2019,May,1.0
HCSG,2004,Mar,1.5
HCSG,2005,May,1.5
HCSG,2007,Aug,1.5
HCSG,2010,Nov,1.5
HD,1999,Dec,1.5
HDB,2011,Jul,5.0
HDB,2019,Sep,2.0
HE,2004,Jun,2.0
HEAR,2012,Mar,0.2
HEAR,2018,Apr,0.25
HEI,2000,Jul,1.1
HEI,2001,Aug,1.1
HEI,2004,Jan,1.1
HEI,2010,Apr,1.25
HEI,2011,Apr,1.25
HEI,2012,Apr,1.25
HEI,2013,Oct,1.25
HEI,2017,Apr,2.5
HEI,2018,Jan,2.5
HEI,2018,Jun,2.5
HEP,2013,Jan,2.0
HEPA,2018,May,0.125
HEPA,2019,Jun,0.014285714285714285
HES,2006,Jun,3.0
HFC,2001,Jul,2.0
HFC,2004,Aug,2.0
HFC,2006,Jun,2.0
HFC,2011,Sep,2.0
HFC,2013,Aug,1.0
HFWA,2005,Sep,1.0
HHS,2002,May,1.5
HHS,2018,Feb,0.1
HHT,2013,Aug,0.08333333333333333
HIBB,2002,Feb,1.5
HIBB,2003,Jul,1.5
HIBB,2004,Apr,1.5
HIBB,2005,Sep,1.5
HLF,2011,May,2.0
HLF,2018,May,2.0
HLIO,2005,Jul,1.5
HLIO,2007,Jul,1.5
HLIO,2011,Jul,1.5
HLIT,1999,Oct,2.0
HLT,2017,Jan,0.4873294346978557
HLX,2000,Nov,2.0
HLX,2005,Dec,2.0
HMC,2002,Jan,4.0
HMST,2012,Mar,2.0
HMST,2012,Nov,3.0
HMSY,2011,Aug,3.0
HNNA,2005,Mar,1.5
HNNA,2006,Mar,1.5
HNNA,2007,Mar,1.5
HNNA,2017,Feb,1.5
HNNA,2017,Mar,1.5
HNP,2004,May,2.0
HOFT,2004,Feb,2.0
HOG,2000,Apr,2.0
HOLX,2005,Dec,2.0
HOLX,2008,Apr,2.0
HOMB,2008,Aug,1.08
HOMB,2010,May,1.1
HOMB,2013,Jun,2.0
HOMB,2016,Jun,2.0
HOMB,2016,May,2.0
HON,2016,Oct,1.0053282396702523
HON,2018,Oct,2.043
HONE,2019,Aug,1.795
HOPE,1999,May,1.08
HOPE,2000,Apr,1.08
HOPE,2003,Mar,2.0
HOPE,2004,Jun,2.0
HOV,2004,Mar,2.0
HOV,2019,Mar,0.04
HP,2006,Jul,2.0
HPE,2017,Apr,1.3348
HPE,2017,Sep,1.289
HPQ,2000,Oct,2.0
HPQ,2015,Nov,2.202
HQI,2005,Aug,5.0
HQI,2017,Dec,0.08333333333333333
HRB,2001,Aug,2.0
HRB,2005,Aug,2.0
HRC,2008,Apr,1.8635855385762206
HRL,2000,Feb,2.0
HRL,2011,Feb,2.0
HRL,2016,Feb,2.0
HROW,2012,Feb,0.125
HROW,2013,Feb,0.2
HRTX,2007,May,0.25
HRTX,2014,Jan,0.05
HSC,2007,Mar,2.0
HSDT,2018,Jan,0.2
HSIC,2005,Mar,2.0
HSIC,2017,Sep,2.0
HSIC,2019,Feb,1.275
HSKA,2010,Dec,0.1
HSON,2005,Feb,2.0
HSON,2019,Jun,0.1
HST,2009,Nov,1.0215
HSY,2004,Jun,2.0
HT,2015,Jun,0.25
HTA,2014,Dec,0.5
HTBK,1999,Feb,1.5
HTBK,2000,Feb,1.1
HTBX,2018,Jan,0.1
HTHT,2018,May,4.0
HTLD,2001,Jun,1.25
HTLD,2002,Feb,1.5769
HTLD,2004,Aug,1.5
HTLD,2006,May,1.3333333333333333
HTLF,2003,Dec,1.5
HTZ,2016,Jul,0.2
HTZ,2019,Jun,1.151
HUBG,2005,May,2.0
HUBG,2006,Jun,2.0
HUGE,2019,Oct,0.004975124378109453
HUN,2014,Jul,10.0
HVT,1999,Aug,2.0
HWBK,1999,Oct,1.5
HWBK,2000,Jun,2.0
HWBK,2003,Jul,1.5
HWBK,2009,Jun,1.04
HWBK,2010,Jun,1.0
HWBK,2011,Jun,1.0
HWBK,2012,Jun,1.04
HWBK,2013,Jun,2.04
HWBK,2014,Jun,1.04
HWBK,2015,Jun,1.04
HWBK,2017,Jun,1.0
HWBK,2018,Jun,1.04
HWC,2002,Aug,1.5
HWC,2004,Mar,2.0
IAC,2000,Feb,2.0
IAC,2005,Aug,0.9
IAC,2008,Aug,1.146
IART,2015,Jul,1.106
IART,2017,Jan,2.0
IBCP,2010,Sep,0.1
IBIO,2018,Jun,0.1
IBKC,2005,Aug,1.25
IBM,1999,May,2.0
IBN,2014,Dec,5.0
IBN,2017,Jun,1.1
IBOC,1999,Jun,1.25
IBOC,2000,Jun,1.25
IBOC,2001,Jun,1.25
IBOC,2002,Jun,1.25
IBOC,2003,Jun,1.25
IBOC,2004,Jun,1.25
IBOC,2005,Jun,1.25
IBOC,2007,May,1.1
ICAD,2012,Aug,0.2
ICE,2016,Nov,5.0
ICLR,2006,Oct,2.0
ICLR,2008,Aug,2.0
ICON,2019,Mar,0.1
ICUI,2002,Mar,1.5
IDEX,2012,Feb,0.013333333333333334
IDN,2014,Aug,0.125
IDRA,2006,Jun,0.125
IDRA,2018,Jul,0.125
IDT,2009,Feb,0.3333333333333333
IDT,2013,Aug,1.183
IDXG,2016,Dec,0.1
IDXX,2007,Nov,2.0
IDXX,2015,Jun,2.0
IEC,2009,Aug,1.0
IEC,2009,May,0.1
IEP,2012,Aug,1.0062
IEP,2012,Jan,1.0043
IEP,2012,Mar,1.0063
IEP,2012,May,1.0053
IEP,2012,Nov,1.0059
IESC,2006,May,0.05850690381465013
IEX,2004,Jun,1.5
IEX,2007,May,1.5
IGC,2013,Apr,0.1
IGT,2003,Jul,4.0
IHC,2000,Aug,1.0
IHC,2004,Jul,1.8
IHC,2012,Feb,1.0
IHG,2005,Jun,0.7333333333333333
IHG,2006,Jun,0.875
IHG,2007,Jun,0.8392857142857143
IHG,2012,Oct,0.9333333333333333
IHG,2014,Jul,0.923
IHG,2016,May,0.833
IHG,2017,May,0.957
IHG,2019,Jan,0.949
IIIN,2006,Jun,2.0
IIVI,2000,Sep,2.0
IIVI,2005,Mar,2.0
IIVI,2011,Jun,2.0
IKNX,1999,Dec,1.1
IKNX,2004,May,1.5
ILMN,2008,Sep,2.0
IMBI,2019,Dec,0.1
IMH,2009,Jan,0.1
IMMP,2016,Dec,0.3
IMMP,2019,Nov,0.1
IMO,2006,May,3.0
IMOS,2011,Jan,0.25
IMOS,2016,Oct,1.0689470871191875
IMUX,2019,Apr,0.025
IMV,2018,May,0.312
INBK,2013,Jun,1.5
INCY,2000,Sep,2.0
INFI,2006,Sep,0.25
INFO,2016,Jul,6.0
INFY,2000,Feb,2.0
INFY,2004,Jul,2.0
INFY,2006,Jul,2.0
INFY,2014,Dec,2.0
INFY,2015,Jun,2.0
INFY,2018,Sep,4.0
ING,2001,Jul,2.0
INGR,2005,Jan,2.0
INO,2004,Sep,0.25
INO,2014,Jun,0.25
INOD,1999,Sep,3.0
INOD,2000,Dec,2.0
INOD,2001,Mar,2.0
INPX,2014,Apr,0.5
INPX,2017,Mar,0.06666666666666667
INPX,2018,Feb,0.03333333333333333
INPX,2018,Nov,0.025
INSG,2002,Oct,0.06666666666666667
INSM,2000,Jul,0.25
INSM,2011,Mar,0.1
INT,2005,Feb,2.0
INT,2009,Dec,2.0
INTC,1999,Apr,2.0
INTC,2000,Jul,2.0
INTG,2003,Apr,1.5
INTL,1999,Mar,1.1
INTL,2000,Mar,1.1
INTU,1999,Oct,3.0
INTU,2006,Jul,2.0
INUV,2010,Dec,0.1
INVA,2014,Jun,1.241
INVE,2014,May,0.1
IO,2016,Feb,1.0666666666666667
IOR,2005,Jun,3.0
IOSP,2007,Jul,2.0
IOVA,2013,Sep,0.01
IP,2014,Jul,1.014
IPAR,2000,Jun,1.5
IPAR,2001,Sep,1.5
IPAR,2008,Jun,1.5
IPDN,2016,Sep,0.125
IPG,1999,Jul,2.0
IPWR,2019,Aug,0.1
IRET,2018,Dec,0.1
IRM,2000,Jan,1.0
IRM,2002,Jan,1.5
IRM,2004,Jul,1.5
IRM,2007,Jan,1.5
IRM,2014,Sep,1.082
IRS,1999,Nov,1.0
IRS,2000,Nov,1.1084
IRS,2002,Dec,1.022
IRWD,2019,Apr,1.194
ISBC,2014,May,2.549
ISDR,2011,Oct,0.1
ISNS,2000,Apr,1.2
ISRG,2003,Jul,0.5
ISRG,2017,Oct,3.0
ISSC,2005,Jul,1.5
ITCB,2011,Feb,3.3333333333333335
ITP,2009,Nov,0.25
ITT,2006,Feb,2.0
ITT,2011,Nov,3.0156815440289506
ITUB,2005,Oct,5.0
ITUB,2007,Oct,2.0
ITUB,2008,Jun,1.25
ITUB,2009,Aug,1.0
ITUB,2013,May,1.1
ITUB,2014,Jun,1.1
ITUB,2015,Jul,1.1
ITUB,2016,Oct,1.1
ITUB,2018,Nov,1.5
ITW,2006,May,2.0
IVZ,2000,Nov,2.5
IX,2000,Jun,1.2
IX,2013,Apr,1.0
IZEA,2012,Aug,0.05
IZEA,2016,Jan,0.05
J,2002,Apr,2.0
J,2007,Mar,2.0
JACK,2007,Oct,2.0
JAGX,2018,Jun,0.06666666666666667
JAGX,2019,Jun,0.014285714285714285
JAKK,1999,Nov,1.5
JAN,2019,Apr,0.2
JBHT,2003,Sep,2.0
JBHT,2005,May,2.0
JBL,1999,Feb,2.0
JBL,2000,Mar,2.0
JBLU,2002,Dec,1.5
JBLU,2003,Nov,1.5
JBLU,2005,Dec,1.5
JCI,1999,Oct,2.0
JCI,2004,Jan,2.0
JCI,2007,Jul,0.25
JCI,2007,Oct,3.0
JCI,2012,Oct,2.011667672500503
JCI,2016,Sep,2.0
JCOM,2001,Feb,0.25
JCOM,2003,Sep,2.0
JCOM,2006,May,2.0
JCTCF,2003,Feb,1.5
JCTCF,2007,Mar,2.5
JCTCF,2013,May,2.0
JCTCF,2018,May,4.0
JEF,2005,Jan,1.5
JEF,2006,Jun,2.0
JEF,2013,Feb,1.027
JEF,2019,Sep,1.068
JHX,2015,Sep,5.0
JILL,2019,Mar,1.191
JJSF,2006,Jan,2.0
JKHY,2000,Mar,2.0
JKHY,2001,Mar,2.0
JNJ,2001,Jun,2.0
JNPR,2000,Jan,3.0
JNPR,2000,Jun,2.0
JOB,1999,Oct,1.15
JOB,2015,Oct,0.1
JOBS,2014,Aug,2.0
JPM,2000,Jun,1.5
JWN,2005,Jul,2.0
KAI,2001,Jul,0.2
KALV,2016,Nov,0.14285714285714285
KAR,2019,Jun,2.642
KB,2001,Dec,1.06
KBAL,2014,Nov,1.281
KBH,2005,Apr,2.0
KBSF,2017,Feb,0.13333333333333333
KEX,2006,Jun,2.0
KFS,2012,Jul,0.25
KGC,2003,Feb,0.3333333333333333
KGJI,2010,Aug,0.5
KIM,2001,Dec,1.5
KIM,2005,Aug,2.0
KINS,2004,Aug,0.2
KIQ,2010,May,0.14285714285714285
KLAC,2000,Jan,2.0
KLIC,2000,Aug,2.0
KMB,2014,Nov,1.043
KMI,2015,Jan,10.0
KMPR,1999,Mar,2.0
KMT,2007,Dec,2.0
KMX,2007,Mar,2.0
KNX,2001,Dec,1.5
KNX,2001,Jun,1.5
KNX,2004,Jul,1.5
KNX,2005,Dec,1.5
KO,2012,Aug,2.0
KOPN,1999,Dec,2.0
KOPN,2000,Jul,2.0
KOSS,2001,Nov,2.0
KOSS,2009,Dec,2.0
KR,1999,Jun,2.0
KR,2015,Jul,2.0
KRC,2013,Feb,0.7142857142857143
KRG,2014,Aug,0.25
KRNY,2015,May,2.3804
KRO,2011,May,2.0
KSS,2000,Apr,2.0
KSU,2000,Jul,0.5
KTOS,2009,Sep,0.1
KZIA,2012,Jan,0.2
KZIA,2013,Jan,3.038
KZIA,2017,Jul,0.25
L,2001,Mar,2.0
L,2006,May,3.0
LAC,2017,Nov,0.2
LAKE,2002,Jul,1.1
LAKE,2003,Jul,1.1
LAKE,2005,Apr,1.1
LAKE,2006,Jul,1.1
LARK,2001,Dec,1.0
LARK,2002,Dec,1.0
LARK,2003,Dec,1.0
LARK,2004,Nov,1.0
LARK,2005,Dec,1.0
LARK,2006,Dec,1.0
LARK,2007,Nov,1.0
LARK,2008,Nov,1.0
LARK,2009,Nov,1.0
LARK,2010,Nov,1.0
LARK,2011,Nov,1.0
LARK,2012,Nov,1.0
LARK,2013,Nov,1.0
LARK,2014,Nov,1.05
LARK,2015,Nov,1.05
LARK,2016,Nov,1.05
LARK,2017,Nov,1.05
LARK,2018,Nov,1.05
LARK,2019,Nov,1.05
LB,2000,May,2.0
LBAI,2000,Oct,1.05
LBAI,2001,Oct,1.05
LBAI,2002,Oct,1.05
LBAI,2003,Sep,1.05
LBAI,2005,Jul,1.0
LBAI,2006,Jul,1.05
LBAI,2007,Oct,1.05
LBAI,2011,Jan,1.05
LBAI,2012,Mar,1.05
LBAI,2014,May,1.05
LBRDA,2014,Dec,1.045
LBRDK,2014,Dec,1.046
LBTYB,2005,Sep,2.0
LBTYB,2014,Mar,1.948
LBTYB,2016,Jun,1.125
LC,2019,Jul,0.2
LCI,2003,Mar,1.5
LCII,2005,Sep,2.0
LCNB,2004,May,2.0
LCNB,2007,May,2.0
LDOS,2013,Sep,0.405
LEA,2011,Mar,2.0
LEAF,2014,Aug,0.504
LECO,2011,Jun,2.0
LEDS,2016,Apr,0.1
LEN,2003,Apr,1.0
LEN,2004,Jan,2.0
LEN,2017,Nov,1.017
LEU,2013,Jul,0.04
LEU,2014,Sep,0.091
LFC,2006,Dec,2.666
LFC,2015,May,3.0
LFVN,2004,Oct,0.014705882352941176
LFVN,2015,Oct,0.14285714285714285
LGL,2013,Aug,1.641
LGND,2010,Nov,0.16666666666666666
LH,2000,May,0.1
LH,2001,Jun,2.0
LH,2002,May,2.0
LHX,2005,Mar,2.0
LHX,2009,May,1.058425063505504
LIFE,2019,Jul,0.07142857142857142
LIN,2003,Dec,2.0
LIQT,2019,Apr,0.25
LIVE,2007,Aug,0.1
LIVE,2010,Sep,0.1
LIVE,2011,Jul,1.0526315789473684
LIVE,2014,Feb,3.0
LIVE,2016,Dec,0.16666666666666666
LIVX,2017,Oct,0.3333333333333333
LJPC,2014,Jan,0.02
LKFN,2006,May,2.0
LKFN,2016,Aug,1.5
LKQ,2006,Jan,2.0
LKQ,2007,Dec,2.0
LKQ,2012,Sep,2.0
LLEX,2011,Oct,0.5
LLEX,2016,Jun,0.2
LM,2004,Sep,1.5
LMFA,2018,Oct,0.1
LMNL,2019,Jul,0.001
LMNR,2010,Apr,11.0
LMST,2008,Oct,1.05
LMST,2009,Nov,1.05
LMST,2010,Dec,1.05
LMST,2016,Dec,0.2
LMT,1999,Jan,2.0
LNC,1999,Jun,2.0
LNG,2000,Oct,0.25
LNG,2005,Apr,2.0
LNT,2016,May,2.0
LODE,2017,Nov,0.2
LODE,2019,Nov,0.2
LOGI,2000,Jul,2.0
LOGI,2005,Jul,2.0
LOGI,2006,Jul,2.0
LONE,2015,May,0.04
LONE,2016,Jul,0.5
LOW,2001,Jul,2.0
LOW,2006,Jul,2.0
LPTH,2003,Mar,0.125
LRCX,2000,Mar,3.0
LSCC,1999,Sep,2.0
LSCC,2000,Oct,2.0
LSTR,2002,Aug,2.0
LSTR,2003,Nov,2.0
LSTR,2005,Jan,2.0
LTBR,2009,Sep,0.03333333333333333
LTBR,2016,Jul,0.2
LTBR,2019,Oct,0.08333333333333333
LTRX,2009,Dec,0.16666666666666666
LULU,2011,Jul,2.0
LUV,1999,Jul,1.5
LUV,2001,Feb,1.5
LWAY,2004,Mar,2.0
LWAY,2006,Aug,2.0
LXRX,2015,May,0.14285714285714285
LYG,2009,May,1.0
LYTS,2001,Dec,1.5
LYTS,2003,Nov,1.25
M,2006,Jun,2.0
MA,2014,Jan,10.0
MAC,2009,Aug,1.0189
MAC,2009,May,1.027
MAC,2009,Nov,1.0179
MAC,2010,Feb,1.014
MACK,2017,Sep,0.1
MACK,2019,Sep,1.271
MAGS,2002,Aug,1.0
MAGS,2002,Jul,1.03
MAGS,2003,Aug,2.0300000000000002
MAGS,2004,Aug,1.0
MAGS,2004,Jul,1.05
MANH,2014,Jan,4.0
MAR,2006,Jun,2.0
MAR,2009,Aug,1.004
MAR,2009,Jun,1.004
MAR,2009,Nov,1.003
MAR,2011,Nov,1.061
MARA,2013,Jul,0.07692307692307693
MARA,2014,Dec,2.0
MARA,2017,Oct,0.25
MARA,2019,Apr,0.25
MARK,2010,Feb,0.1
MAS,2015,Jul,1.138
MATW,2001,Sep,2.0
MATX,2012,Jul,2.0855057351407718
MBCN,2003,Dec,1.05
MBCN,2004,Nov,1.05
MBCN,2006,Nov,1.05
MBCN,2007,Nov,2.05
MBCN,2019,Nov,2.0
MBI,2001,Apr,1.5
MBOT,2011,Jul,0.1
MBOT,2016,May,0.08333333333333333
MBOT,2016,Nov,0.1111111111111111
MBOT,2018,Sep,0.06666666666666667
MBT,2005,Jan,4.0
MBT,2010,May,2.5
MBWM,2001,Jan,1.05
MBWM,2002,Jan,1.05
MBWM,2003,Jan,1.05
MBWM,2004,Apr,1.05
MBWM,2005,Jul,1.05
MBWM,2006,Apr,1.0
MBWM,2007,Apr,1.05
MC,2014,Aug,0.5
MC,2017,Jun,1.0
MCBC,2001,Apr,1.03
MCBC,2002,Apr,1.04
MCBC,2003,May,1.05
MCBC,2004,May,1.05
MCBC,2005,May,1.15
MCBC,2006,Jun,1.5
MCBC,2006,May,1.05
MCBC,2007,May,1.05
MCD,1999,Mar,2.0
MCF,2000,Dec,0.5
MCHP,2000,Feb,1.5
MCHP,2000,Sep,1.5
MCHP,2002,May,1.5
MCO,2005,May,2.0
MCRI,2005,Mar,2.0
MD,1999,Mar,2.0
MD,2006,Apr,2.0
MD,2013,Dec,2.0
MDC,2001,Dec,1.1
MDC,2001,Feb,1.1
MDC,2003,May,1.1
MDC,2004,Mar,1.1
MDC,2005,Jan,1.3
MDC,2016,Dec,2.05
MDC,2017,Dec,1.08
MDC,2019,Feb,1.0833333333333333
MDCA,2013,Nov,1.5
MDGL,2016,Jul,0.02857142857142857
MDGS,2017,Mar,0.1
MDGS,2018,Jul,0.25
MDT,1999,Sep,2.0
MDU,2003,Oct,1.5
MDU,2006,Jul,1.5
MEI,2001,Apr,2.672367717797969
MEIP,2010,Mar,0.1
MEIP,2012,Dec,0.16666666666666666
MET,2017,Aug,1.122
MFC,2006,Jun,2.0
MFH,2018,Jul,0.1
MFNC,2004,Dec,0.05
MG,2015,Mar,0.5
MGA,2010,Nov,2.0
MGA,2015,Mar,2.0
MGEE,2014,Feb,1.5
MGEN,2016,Nov,0.06666666666666667
MGI,2011,Nov,0.125
MGIC,2000,Feb,3.0
MGM,2000,Feb,2.0
MGM,2005,May,2.0
MGPI,2004,Jul,2.0
MGRC,2005,Mar,2.0
MHH,2013,Dec,1.25
MHH,2018,Aug,2.0
MHO,2002,Jun,2.0
MICT,2013,Mar,0.5
MIDD,2007,Jun,2.0
MIDD,2014,Jun,3.0
MINI,2006,Mar,2.0
MKC,2002,Apr,2.0
MKGI,2018,Feb,0.4
MLI,2014,Mar,2.0
MLND,2018,Dec,0.06666666666666667
MLR,2001,Oct,0.2
MLSS,2004,Jan,0.3333333333333333
MLVF,2012,Oct,1.0748
MMAC,2014,Sep,0.4
MMC,2002,Jul,2.0
MMM,2003,Sep,2.0
MMP,2005,Apr,2.0
MMP,2012,Oct,2.0
MMS,2011,Jul,2.0
MMS,2013,Jul,2.0
MMSI,2001,Aug,1.25
MMSI,2002,Apr,1.25
MMSI,2003,Aug,1.3333333333333333
MMSI,2003,Dec,1.3333333333333333
MMSI,2011,May,1.25
MNKD,2017,Mar,0.2
MNRO,2003,Nov,1.5
MNRO,2007,Oct,1.5
MNRO,2010,Dec,1.5
MNSB,2018,Apr,1.05
MNST,2005,Aug,2.0
MNST,2006,Jul,4.0
MNST,2012,Feb,2.0
MNST,2016,Nov,3.0
MOH,2011,May,1.5
MOSY,2017,Feb,0.1
MOSY,2019,Aug,0.05
MOV,2004,Jun,2.0
MOXC,2016,Jul,0.5
MOXC,2019,Apr,0.2
MPB,1999,Nov,1.05
MPB,2003,May,1.05
MPB,2006,Feb,1.05
MPB,2007,May,1.05
MPC,2015,Jun,2.0
MPX,2004,Mar,1.5
MPX,2005,Mar,1.5
MR,2019,Mar,0.06666666666666667
MRCY,1999,Dec,2.0
MRIN,2017,Oct,0.14285714285714285
MRK,1999,Feb,2.0
MRKR,2007,Jun,0.4
MRKR,2009,Jul,0.1
MRKR,2014,Feb,0.01
MRKR,2016,Sep,0.08333333333333333
MRO,2007,Jun,2.0
MRO,2011,Jul,1.6764459346186085
MRTN,2003,Dec,1.5
MRTN,2003,Jul,1.5
MRTN,2005,Dec,1.5
MRTN,2013,Jun,1.5
MRTN,2017,Jul,1.6666666666666667
MRVL,2004,Jun,2.0
MRVL,2006,Jul,2.0
MS,2000,Jan,2.0
MSA,2000,May,3.0
MSA,2004,Jan,3.0
MSBF,2015,Jul,1.0
MSEX,2002,Jan,1.5
MSEX,2003,Nov,1.3333333333333333
MSFT,1999,Mar,2.0
MSFT,2003,Feb,2.0
MSGN,2015,Oct,4.308
MSI,2000,Jun,3.0
MSI,2004,Dec,1.1173184357541899
MSI,2011,Jan,0.24737167594310452
MSTR,2000,Jan,2.0
MSTR,2002,Jul,0.1
MSVB,2018,Jul,2.346
MT,2014,Oct,14.0
MT,2017,May,0.3333333333333333
MTA,2011,Mar,0.5
MTA,2016,Dec,0.3333333333333333
MTA,2019,Dec,0.5
MTB,2000,Oct,10.0
MTEM,2008,Aug,0.16666666666666666
MTEM,2017,Aug,0.09090909090909091
MTEX,2012,Jan,0.1
MTH,2002,Apr,2.0
MTH,2005,Jan,2.0
MTL,2008,May,3.0
MTL,2016,Jan,0.5
MTN,2008,Nov,1.0
MTP,2019,Apr,0.1
MTR,2013,Dec,0.25
MTRX,2003,Nov,2.0
MTSL,2010,Mar,0.5
MTSL,2017,Sep,0.3333333333333333
MTW,1999,Apr,1.5
MTW,2006,Apr,2.0
MTW,2007,Sep,2.0
MTW,2016,Mar,4.41584
MTW,2017,Nov,0.25
MTX,2012,Dec,2.0
MTZ,2000,Jun,1.5
MU,2000,May,2.0
MUR,2002,Dec,2.0
MUR,2005,Jun,2.0
MUR,2013,Sep,1.158
MVBF,2014,Apr,2.0
MVIS,2012,Feb,0.125
MXC,2002,Feb,1.1
MXIM,1999,Dec,2.0
MYE,1999,Aug,1.1
MYE,2000,Aug,1.1
MYE,2001,Aug,1.1
MYE,2002,Sep,1.25
MYE,2004,Aug,1.1
MYGN,2000,Sep,2.0
MYGN,2009,Mar,2.0
MYL,2003,Jan,1.5
MYL,2003,Oct,1.5
MYOS,2010,Jul,14.0
MYOS,2014,Feb,0.02
MYSZ,2019,Nov,0.06666666666666667
NAKD,2015,Aug,0.025
NAKD,2019,Dec,0.01
NAT,2014,Jul,1.014
NAT,2017,Aug,1.008
NATI,1999,Aug,1.5
NATI,2004,Feb,1.5
NATI,2011,Feb,1.5
NATR,2013,Aug,1.0
NAVB,2019,Apr,0.05
NBL,2005,Sep,2.0
NBL,2013,May,2.0
NBR,2006,Apr,2.0
NBRV,2017,Jun,10.0
NBTB,1999,Nov,1.05
NBY,2015,Dec,1.04
NC,2012,Oct,3.048780487804878
NC,2017,Oct,4.377
NCR,2005,Jan,2.0
NCTY,2018,May,0.3333333333333333
NDSN,2000,Sep,2.0
NDSN,2011,Apr,2.0
NE,2007,Aug,2.0
NE,2014,Aug,1.144
NEE,2005,Mar,2.0
NEN,2012,Jan,3.0
NEOG,2004,Jan,1.25
NEOG,2007,Sep,2.5
NEOG,2009,Dec,1.5
NEOG,2013,Oct,1.5
NEOG,2017,Dec,1.3333333333333333
NEOG,2018,Jan,1.333
NEON,2007,Apr,0.2
NEON,2011,Mar,0.04
NEON,2018,Oct,0.1
NEPH,2011,Mar,0.05
NEPH,2019,Jul,0.1111111111111111
NETE,2016,May,0.1
NETE,2017,Oct,0.1
NEU,2002,Jul,0.2
NFBK,2013,Jan,1.4029
NFG,2001,Sep,2.0
NFLX,2004,Feb,2.0
NFLX,2015,Jul,7.0
NGG,2017,May,0.916
NHLD,2015,Feb,0.1
NHTC,2003,Mar,0.01
NI,2015,Jul,2.545
NICE,2006,May,2.0
NICK,2001,Sep,4.0
NICK,2005,Jun,1.5
NICK,2009,Nov,1.1
NJR,2002,Mar,1.5
NJR,2008,Mar,1.5
NJR,2015,Mar,2.0
NKE,2007,Apr,2.0
NKE,2012,Dec,2.0
NKE,2015,Dec,2.0
NKSH,2006,Apr,2.0
NKTR,2000,Aug,2.0
NLOK,2002,Feb,2.0
NLOK,2003,Nov,2.0
NLOK,2004,Dec,2.0
NLS,2000,Aug,1.5
NLS,2001,Aug,1.5
NLS,2001,Jan,1.5
NM,2019,Jan,0.1
NMM,2019,May,0.06666666666666667
NMRD,2019,Dec,0.1
NNA,2018,Nov,0.06666666666666667
NNDM,2019,Oct,0.1
NNVC,2013,Sep,0.2857142857142857
NNVC,2019,Sep,0.05
NOC,2004,Jun,2.0
NOC,2011,Mar,1.1068068622025458
NOK,1999,Apr,2.0
NOK,2000,Apr,4.0
NOV,2007,Oct,2.0
NOV,2014,Jun,1.109
NOVT,2010,Dec,0.3333333333333333
NRBO,2019,Dec,0.04
NRG,2007,Jun,2.0
NRIM,1999,Jan,1.05
NRIM,2000,Feb,1.05
NRIM,2001,Nov,1.1
NRIM,2006,Aug,1.05
NRIM,2007,Sep,1.05
NRP,2007,Apr,2.0
NRP,2016,Feb,0.1
NRZ,2014,Oct,0.5
NSEC,2001,May,1.2
NSIT,1999,Feb,1.5
NSIT,2000,Sep,1.5
NSP,2000,Oct,2.0
NSP,2017,Dec,4.0
NSPR,2012,Dec,0.25
NSPR,2015,Oct,0.1
NSPR,2016,Oct,0.04
NSPR,2018,Feb,0.02857142857142857
NSPR,2019,Apr,0.02
NSSC,2004,Apr,2.0
NSSC,2004,Nov,1.2
NSSC,2005,Dec,1.5
NSSC,2006,Jun,1.5
NTAP,1999,Dec,2.0
NTAP,2000,Mar,2.0
NTES,2006,Mar,4.0
NTGR,2019,Jan,1.612
NTIC,2019,Jul,2.0
NTN,2009,Feb,20.0
NTN,2016,Jun,0.02
NTP,2003,Jul,3.0
NTP,2003,Nov,1.1
NTRS,1999,Dec,2.0
NTWK,2003,Aug,0.2
NTWK,2012,Aug,0.1
NTZ,2019,Feb,0.2
NUAN,2019,Oct,1.155
NUE,2004,Oct,2.0
NUE,2006,Jun,2.0
NURO,2011,Sep,0.16666666666666666
NURO,2013,Feb,0.16666666666666666
NURO,2015,Dec,0.25
NURO,2017,May,0.125
NURO,2019,Nov,0.1
NVAX,2019,May,0.05
NVCN,2018,Sep,0.01
NVCN,2019,Jul,0.1
NVDA,2000,Jun,2.0
NVDA,2001,Sep,4.0
NVDA,2006,Apr,2.0
NVDA,2007,Sep,1.5
NVEC,2000,Dec,0.2
NVEC,2002,Nov,0.2
NVFY,2019,Dec,0.2
NVGS,2013,Nov,3.0
NVIV,2015,Apr,0.25
NVIV,2018,Apr,0.04
NVO,2001,Apr,2.5
NVO,2007,Dec,2.0
NVO,2014,Jan,5.0
NVRO,2014,Nov,0.041666666666666664
NVS,2000,May,2.0
NVS,2019,Apr,1.116
NVUS,2017,May,0.1111111111111111
NWBI,2009,Dec,2.25
NWFL,2003,Jun,1.5
NWFL,2006,May,1.05
NWFL,2013,May,1.1
NWFL,2017,Aug,1.5
NWFL,2017,Sep,1.5
NX,2005,Jan,1.5
NX,2006,Apr,1.5
NXGN,2005,Mar,2.0
NXGN,2006,Mar,2.0
NXGN,2011,Oct,2.0
NXTD,2015,Dec,0.02
NXTD,2016,Sep,0.1
NYCB,2001,Mar,1.5
NYCB,2001,Sep,1.5
NYCB,2003,May,1.3333333333333333
NYCB,2004,Feb,1.3333333333333333
NYMT,2007,Oct,0.2
NYMT,2008,May,0.5
O,2005,Jan,2.0
OBAS,2012,Sep,0.2
OBCI,2000,Mar,1.05
OBCI,2002,Sep,1.1
OBLG,2011,Jan,0.25
OBLG,2019,Apr,0.1
OBLN,2019,Jul,0.1
OCC,2000,Sep,1.5
OCC,2002,Jul,0.125
OCFC,2002,May,1.5
OCGN,2019,Sep,0.016666666666666666
OCN,2009,Aug,1.66
ODC,2006,Sep,1.25
ODFL,2003,Jun,1.5
ODFL,2004,May,1.5
ODFL,2005,Dec,1.5
ODFL,2010,Aug,2.5
ODFL,2012,Sep,1.5
ODP,1999,Apr,1.5
OEG,2010,Dec,5.0
OEG,2015,May,10.0
OFG,2002,Mar,1.1
OFG,2003,Dec,1.1
OFG,2003,Jan,1.25
OFG,2004,Dec,1.1
OGE,2013,Jul,2.0
OGEN,2010,Sep,0.05
OGEN,2018,Jan,0.1
OII,2006,Jun,2.0
OII,2011,Jun,2.0
OIS,2014,Jun,1.75
OKE,2001,Jun,2.0
OKE,2012,Jun,2.0
OKE,2014,Feb,1.1422
OLN,1999,Feb,1.575
OMC,2007,Jun,2.0
OMEX,2016,Feb,0.08333333333333333
OMI,2010,Apr,1.5
ON,2014,Mar,20.0
ONB,1999,Jan,1.05
ONB,1999,May,1.5
ONB,2000,Jan,1.05
ONB,2001,Jan,1.05
ONB,2002,Jan,1.05
ONB,2003,Jan,1.05
ONB,2004,Jan,1.05
ONB,2005,Jan,1.05
ONCS,2015,May,0.05
ONCS,2019,May,0.1
ONCT,2016,Dec,0.1
ONCT,2019,Jun,0.14285714285714285
ONCY,2018,May,0.10526315789473684
ONTX,2016,Jun,0.1
ONTX,2016,May,0.1
ONTX,2018,Sep,0.06666666666666667
OPGN,2018,Jan,0.04
OPGN,2019,Aug,0.05
OPHC,2006,May,1.05
OPHC,2007,Jun,1.05
OPHC,2008,Jun,1.05
OPHC,2009,Jun,1.05
OPHC,2010,Nov,0.25
OPHC,2013,Jun,0.25
OPHC,2016,Jan,0.1
OPI,2019,Jan,0.25
OPNT,2014,Dec,0.01
OPOF,2002,Nov,1.5
OPOF,2007,Oct,1.25
OPRX,2008,Apr,0.001
OPRX,2018,May,0.3333333333333333
OPTT,2007,Apr,0.1
OPTT,2015,Oct,0.1
OPTT,2019,Mar,0.05
ORCL,1999,Mar,1.5
ORCL,2000,Jan,2.0
ORCL,2000,Oct,2.0
ORGS,2017,Nov,0.08333333333333333
ORI,2003,Dec,1.5
ORI,2006,Jan,1.25
ORLY,1999,Dec,2.0
ORLY,2005,Jun,2.0
ORMP,2013,Jan,0.08333333333333333
ORN,2012,Dec,40.0
ORRF,1999,Nov,1.075
ORRF,2001,Jul,1.05
ORRF,2003,May,1.05
ORRF,2004,Feb,2.0
ORRF,2005,Jun,1.05
ORRF,2007,May,1.05
OSBC,1999,May,2.0
OSBC,2002,Jun,1.3333333333333333
OSBC,2004,Jul,2.0
OSG,2016,Jun,0.16666666666666666
OSK,1999,Aug,1.5
OSK,2003,Aug,2.0
OSK,2005,Aug,2.0
OSN,2016,Aug,0.3333333333333333
OSN,2018,Mar,0.5
OTEX,2003,Oct,2.0
OTEX,2014,Feb,2.0
OTEX,2017,Jan,2.0
OTLK,2019,Mar,0.125
OTTR,2000,Mar,2.0
OTTW,2016,Oct,1.192
OVBC,1999,May,1.25
OVBC,2005,May,1.25
OVLY,2005,Jan,1.5
OVLY,2006,Jan,1.5
OVV,2005,May,2.0
OXM,2003,Dec,2.0
OXY,2006,Aug,2.0
OXY,2014,Dec,1.042
OXY,2016,Feb,1.0017028949213662
OZK,2002,Jun,2.0
OZK,2003,Dec,2.0
OZK,2011,Aug,2.0
OZK,2014,Jun,2.0
PAA,2012,Oct,2.0
PACD,2016,May,0.1
PACD,2018,Nov,0.0001
PAG,2006,Jun,2.0
PAGP,2016,Nov,0.875
PAR,2006,Jan,1.5
PARR,2014,Jan,0.1
PATK,2015,Jun,1.5
PATK,2015,May,1.5
PATK,2017,Dec,1.5
PATK,2018,Jan,1.0
PAYX,1999,May,1.5
PAYX,2000,May,1.5
PB,2002,Jun,2.0
PBCT,2004,May,1.5
PBCT,2005,May,1.5
PBCT,2007,Apr,2.1
PBHC,2014,Oct,1.647
PBIP,2013,Oct,0.944
PBR,2007,Jul,2.0
PBR,2008,May,2.0
PCAR,2002,May,1.5
PCAR,2004,Feb,1.5
PCAR,2006,Aug,1.5
PCAR,2007,Oct,1.5
PCH,2008,Dec,1.1692104789319964
PCYG,2006,Aug,0.02
PCYO,2004,Apr,0.1
PDCO,2000,Jul,2.0
PDCO,2004,Oct,2.0
PDEX,2010,Jun,0.3333333333333333
PDLI,2000,Aug,2.0
PDLI,2001,Oct,2.0
PDS,2005,Jun,2.0
PDS,2005,May,2.0
PDSB,2019,Mar,0.05
PEAK,2004,Mar,2.0
PEAK,2016,Nov,1.098
PEBK,1999,Mar,1.5
PEBK,2000,Apr,1.1
PEBK,2005,Mar,1.1
PEBK,2006,Jun,1.1
PEBK,2007,Jun,1.5
PEBK,2017,Dec,1.1
PEBO,1999,May,1.1
PEBO,2000,Feb,1.1
PEBO,2001,Aug,1.1
PEBO,2002,Jun,1.1
PEBO,2003,Aug,1.05
PEBO,2013,Jul,1.1
PED,2012,Aug,0.008928571428571428
PED,2013,May,0.3333333333333333
PED,2017,Apr,0.2
PED,2017,Jul,0.1
PEG,2008,Feb,2.0
PEGA,2014,Apr,2.0
PEIX,2011,Jun,0.14285714285714285
PEIX,2013,May,0.06666666666666667
PENN,2002,Jun,2.0
PENN,2005,Mar,2.0
PENN,2013,Nov,4.423
PERI,2018,Aug,0.3333333333333333
PESI,2013,Oct,0.2
PFBI,2014,Jan,1.0076
PFBI,2016,Dec,1.0
PFBI,2016,Nov,1.1
PFBI,2018,Jun,1.25
PFE,1999,Jul,3.0
PFIS,2003,May,1.5
PFSW,2008,Jun,0.2127659574468085
PG,2004,Jun,2.0
PGC,1999,Sep,1.05
PGC,2000,Sep,1.05
PGC,2001,Sep,1.1
PGC,2002,Nov,2.0
PGC,2003,Sep,1.1
PGC,2004,Sep,1.1
PGC,2009,Jul,1.05
PGR,2002,Apr,3.0
PGR,2006,May,4.0
PGR,2014,Jan,1.0
PH,2007,Oct,1.5
PHG,1999,Jun,0.92
PHG,2000,Apr,4.0
PHG,2000,Aug,0.97
PHI,2013,Aug,1.0
PHIO,2013,Jul,0.03333333333333333
PHIO,2016,Apr,0.1
PHIO,2018,Jan,0.1
PHM,2004,Jan,2.0
PHM,2005,Sep,2.0
PHX,1999,Jun,3.0
PHX,2004,Apr,2.0
PHX,2006,Jan,2.0
PHX,2014,Oct,2.0
PII,2004,Mar,2.0
PII,2011,Sep,2.0
PIXY,2019,Dec,0.025
PKBK,2003,Nov,1.1
PKBK,2004,Dec,1.2
PKBK,2006,Apr,1.2
PKBK,2006,May,1.0
PKBK,2007,Apr,1.1
PKBK,2008,Apr,1.15
PKBK,2010,May,1.1
PKBK,2011,May,1.0
PKBK,2012,May,1.1
PKBK,2013,May,1.1
PKBK,2016,May,1.1
PKBK,2017,May,1.1
PKBK,2018,May,2.2
PKE,2000,Nov,1.5
PKI,2001,Jun,2.0
PLAG,2018,Oct,0.04
PLBC,2005,Sep,1.5
PLG,2009,May,1.0
PLG,2016,Jan,0.1
PLG,2018,Dec,0.1
PLM,2013,May,1.144
PLOW,2010,May,23.0
PLT,2000,Aug,3.0
PLUG,2011,May,0.1
PLUS,2017,Apr,2.0
PLX,2007,Jan,0.1
PLX,2019,Dec,0.1
PLXP,2017,Apr,0.125
PLXS,2000,Sep,2.0
PMBC,2000,Apr,2.0
PMD,2002,Aug,0.25
PNBK,2015,Mar,0.1
PNFP,2004,May,2.0
PNM,2004,Jun,1.5
PNR,2004,Jun,2.0
PNR,2018,May,1.489
POAI,2014,Oct,0.013333333333333334
POAI,2016,Oct,0.04
POAI,2019,Oct,0.1
POOL,2000,Jun,1.5
POOL,2001,Sep,1.5
POOL,2003,Sep,1.5
POOL,2004,Sep,1.5
POWI,1999,Nov,2.0
PPBI,2001,Jun,0.2
PPC,1999,Aug,1.5
PPG,2015,Jun,2.0
PPL,2005,Aug,2.0
PPL,2015,Jun,1.0736525660296328
PRA,2000,Jan,1.0
PRA,2012,Dec,2.0
PRAA,2013,Aug,3.0
PRDO,2001,Oct,2.0
PRDO,2003,Aug,2.0
PRGS,2000,Jan,2.0
PRGS,2011,Jan,1.5
PRGX,1999,Aug,1.5
PRGX,2006,Aug,0.1
PRH,2013,May,25.0
PRK,1999,Dec,2.05
PRK,2004,Nov,1.05
PROV,2002,Jul,1.5
PROV,2004,Feb,1.5
PRPO,2019,Apr,0.06666666666666667
PRTK,2014,Oct,0.08333333333333333
PSHG,2016,Jun,0.125
PSHG,2017,Aug,0.14285714285714285
PSHG,2017,Jul,0.30952380952380953
PSHG,2017,Nov,0.14285714285714285
PSHG,2017,Sep,0.3333333333333333
PSTI,2007,Nov,0.005
PSTI,2019,Jul,0.1
PSTV,2016,May,0.06666666666666667
PSTV,2018,May,0.1
PSTV,2019,Aug,0.02
PSV,2019,Jan,0.1
PTC,2006,Feb,0.4
PTE,2002,Mar,0.1
PTE,2004,Dec,0.14285714285714285
PTE,2008,Sep,10.0
PTE,2014,Jun,0.14285714285714285
PTE,2016,Aug,0.16666666666666666
PTEN,2004,Jul,2.0
PTN,2010,Sep,0.1
PTVCA,2003,Mar,1.25
PTVCB,2003,Mar,1.25
PULM,2015,Jun,0.4
PULM,2019,Feb,0.1
PVBC,2019,Oct,2.021
PWOD,1999,May,1.1
PWOD,2003,Oct,2.1
PWOD,2005,Nov,1.2
PWOD,2019,Oct,1.5
PWR,2000,Apr,1.5
PXLW,2008,Jun,0.3333333333333333
PZZA,2006,Jan,2.0
PZZA,2013,Dec,2.0
QADB,2010,Dec,0.1
QCOM,1999,Dec,4.0
QCOM,1999,May,2.0
QCOM,2004,Aug,2.0
QCRH,2004,Jun,1.5
QGEN,1999,Jul,4.0
QGEN,2000,Jul,8.0
QGEN,2017,Jan,1.924
QRHC,2012,Nov,0.2
QRHC,2016,Aug,0.125
QRTEA,2014,Apr,2.0
QRTEA,2014,Oct,1.182
QRTEB,2014,Apr,2.0
QRTEB,2014,Oct,1.181
QRVO,2015,Jan,0.25
QUIK,2019,Dec,0.07142857142857142
QUMU,2000,Apr,1.5
RAD,2019,Apr,0.05
RADA,2001,Apr,0.4
RADA,2007,Feb,0.3333333333333333
RADA,2016,Sep,0.5
RAVN,2001,Jul,1.5
RAVN,2003,Jan,2.0
RAVN,2004,Oct,2.0
RAVN,2012,Jul,2.0
RBA,2004,May,2.0
RBA,2008,Apr,3.0
RBBN,2000,Oct,3.0
RBBN,2015,Jan,0.2
RBCAA,2004,Mar,1.05
RBCAA,2005,Mar,1.05
RBCAA,2006,Mar,1.05
RBCAA,2007,Mar,1.05
RBCN,2017,May,0.1
RBS,2008,Nov,0.05
RBS,2008,Sep,1.025
RCI,2007,Jan,2.0
RCII,2003,Sep,2.5
RCKT,2018,Jan,0.25
RCON,2019,Dec,0.2
RDCM,2008,Jun,0.25
RDN,2001,Jun,2.0
RDNT,2006,Nov,0.5
RDWR,2013,Apr,2.0
RDY,2006,Sep,2.0
REI,2008,Jun,0.05555555555555555
RELV,2002,Oct,1.1905
RELV,2003,Nov,1.25
RELV,2016,Oct,0.2857142857142857
RELX,2015,Jul,4.0
RENN,2017,Feb,0.2
REPH,2019,Nov,1.115
RES,2005,Dec,1.5
RES,2005,Mar,1.5
RES,2006,Dec,1.5
RES,2010,Dec,1.5
RES,2012,Mar,1.5
REV,2003,May,1.06
REV,2008,Sep,0.1
REX,2001,Aug,1.5
REX,2002,Feb,1.5
REXN,2017,May,0.1
REXN,2019,Apr,0.08333333333333333
RF,2004,Jul,1.2346
RFIL,2011,Mar,2.0
RGCO,2011,Sep,2.0
RGCO,2017,Mar,1.5
RGLS,2018,Oct,0.08333333333333333
RGS,1999,Mar,1.5
RHE,2019,Jan,0.08333333333333333
RHI,2000,Jun,2.0
RIBT,2003,Nov,0.1
RIBT,2013,Nov,0.005
RICK,1999,Mar,0.5
RIG,2007,Nov,0.6996
RIGL,2003,Jun,0.1111111111111111
RILY,2014,Jun,0.05
RILY,2016,Nov,1.01
RIO,2010,Apr,4.0
RIOT,2016,Mar,0.125
RJF,2004,Mar,1.5
RJF,2006,Mar,1.5
RKDA,2018,Jan,0.05
RLH,2011,Dec,10.0
RLI,2002,Oct,2.0
RLI,2014,Jan,2.0
RLMD,2015,Aug,0.2
RLMD,2019,Sep,0.25
RMBS,2000,Jun,4.0
RMCF,2002,Mar,1.3333333333333333
RMCF,2004,Feb,1.5
RMCF,2004,May,1.1
RMCF,2005,Feb,1.05
RMCF,2005,Jun,1.3333333333333333
RMCF,2007,Jul,1.05
RMD,2000,Apr,2.0
RMD,2005,Oct,2.0
RMD,2010,Aug,2.0
RNR,2002,May,3.0
RNST,2003,Dec,1.5
RNST,2006,Aug,1.5
RNWK,1999,May,2.0
RNWK,2000,Feb,2.0
RNWK,2011,Aug,0.25
ROCK,2004,Nov,1.5
ROG,2000,May,2.0
ROL,2003,Mar,1.5
ROL,2005,Mar,1.5
ROL,2007,Dec,1.5
ROL,2010,Dec,1.5
ROL,2015,Mar,1.5
ROL,2018,Dec,1.5
ROP,2005,Aug,2.0
ROST,1999,Sep,2.0
ROST,2003,Dec,2.0
ROST,2011,Dec,2.0
ROST,2015,Jun,2.0
RRC,2005,Dec,1.5
RRD,2016,Oct,0.6666666666666666
RS,1999,Sep,1.5
RS,2006,Jul,2.0
RSG,2007,Mar,1.5
RST,2012,Feb,0.8
RST,2013,Nov,0.6666666666666666
RST,2014,Nov,0.25
RTX,1999,May,2.0
RTX,2005,Jun,2.0
RUSHA,2007,Oct,1.5
RUSHB,2002,Jul,2.0
RUSHB,2007,Oct,1.5
RVSB,2006,Aug,2.0
RWLK,2019,Apr,0.04
RY,2000,Oct,2.0
RY,2006,Apr,2.0
RYAAY,2000,Feb,2.0
RYAAY,2001,Dec,2.0
RYAAY,2007,Feb,2.0
RYAAY,2015,Oct,0.975
RYCE,2019,Dec,0.05
RYN,2003,Jun,1.5
RYN,2003,Nov,1.187
RYN,2005,Oct,1.5
RYN,2011,Aug,1.5
RYN,2014,Jun,1.339
SAEX,2016,Jul,0.007407407407407408
SAEX,2018,Sep,0.05
SAFM,2004,Feb,1.5
SAH,1999,Jan,2.0
SAIA,2013,Jun,1.5
SALT,2015,Dec,0.08333333333333333
SALT,2019,Nov,1.076
SAN,1999,Jun,2.0
SAN,2012,Jan,1.0217391304347827
SAND,2012,May,0.2
SANM,2000,Mar,2.0
SANM,2001,Jan,2.0
SANM,2009,Aug,0.16666666666666666
SASR,2001,Dec,1.5
SATS,2019,Sep,1.234
SAVA,2017,May,0.14285714285714285
SBBX,2000,Jun,1.05
SBBX,2003,Oct,1.05
SBBX,2005,Nov,1.05
SBBX,2008,Oct,1.065
SBCF,2002,Jul,3.0
SBCF,2003,Jul,1.1
SBCF,2013,Dec,0.2
SBFG,2000,Sep,1.05
SBFG,2001,Sep,1.0
SBLK,2008,Nov,1.026
SBLK,2012,Oct,0.06666666666666667
SBLK,2016,Jun,0.2
SBR,2000,Jun,inf
SBRA,2010,Nov,0.3333333333333333
SBS,2013,Apr,3.0
SBS,2013,Jan,2.0
SBSI,1999,Sep,1.05
SBSI,2000,May,2.0
SBSI,2000,Nov,1.05
SBSI,2000,Sep,1.0
SBSI,2001,Sep,2.05
SBSI,2002,Aug,1.05
SBSI,2003,Sep,1.05
SBSI,2004,Aug,1.05
SBSI,2005,Mar,1.05
SBSI,2006,Mar,1.05
SBSI,2007,May,1.05
SBSI,2008,Apr,1.0
SBSI,2009,Apr,1.05
SBSI,2010,Apr,2.05
SBSI,2011,Apr,1.0
SBSI,2012,Apr,1.05
SBSI,2013,Apr,1.05
SBSI,2014,Apr,1.05
SBSI,2015,Apr,1.05
SBSI,2016,May,1.05
SBSI,2017,May,1.024
SBUX,1999,Mar,2.0
SBUX,2001,Apr,2.0
SBUX,2005,Oct,2.0
SBUX,2015,Apr,2.0
SC,2015,Apr,0.8888888888888888
SCCO,2006,Oct,2.0
SCCO,2008,Jul,4.0
SCCO,2012,Feb,1.0
SCHL,2001,Jan,2.0
SCHN,2003,Aug,2.0
SCHN,2004,Mar,1.5
SCHW,1999,Jul,2.0
SCHW,2000,May,1.5
SCKT,2008,Oct,0.1
SCL,2012,Dec,2.0
SCON,2006,Mar,0.1
SCON,2013,Mar,0.08333333333333333
SCON,2016,Jul,0.06666666666666667
SCON,2018,Jul,0.1
SCS,2006,Aug,0.2
SCSC,2003,Jan,2.0
SCSC,2006,Jun,2.0
SCU,2019,Jan,0.1
SCVL,2012,Apr,1.5
SDRL,2018,Jul,0.003734548306382343
SEAC,1999,Dec,1.5
SEE,2007,Mar,2.0
SEED,2018,Jul,0.1
SEEL,2010,Jun,0.06666666666666667
SEEL,2016,Oct,0.1
SEEL,2019,Jan,0.03333333333333333
SEIC,2000,Jun,3.0
SEIC,2001,Mar,2.0
SEIC,2007,Jun,2.0
SERV,2018,Oct,1.493
SF,1999,Feb,1.05
SF,2004,Sep,1.3333333333333333
SF,2008,Jun,1.5
SF,2011,Apr,1.5
SFBS,2014,Jul,3.0
SFBS,2016,Dec,2.0
SFE,2000,Mar,3.0
SFE,2009,Aug,0.16666666666666666
SFET,2019,Oct,0.05
SFNC,2003,May,2.0
SFNC,2018,Feb,2.0
SFST,2003,Nov,1.5
SFST,2006,Jul,1.1
SFST,2011,Jan,1.1
SFST,2012,Feb,1.1
SFST,2013,Jan,1.1
SFUN,2011,Feb,4.0
SFUN,2014,Apr,5.0
SFUN,2019,Jul,0.2
SGA,1999,Dec,1.25
SGA,2002,Jun,1.25
SGA,2009,Jan,0.25
SGA,2013,Jan,1.3333333333333333
SGC,2015,Feb,2.0
SGLB,2010,Oct,150.0
SGLB,2016,Mar,0.01
SGLB,2017,Feb,0.5
SGOC,2016,Jan,0.25
SGU,2013,Dec,20.0
SHBI,2006,Jun,1.5
SHEN,2004,Feb,2.0
SHEN,2007,Aug,3.0
SHEN,2016,Jan,2.0
SHG,2012,Oct,2.0
SHI,2013,Dec,1.5
SHIP,2011,Jun,0.06666666666666667
SHIP,2016,Jan,0.2
SHIP,2019,Mar,0.06666666666666667
SHOO,2006,May,1.5
SHOO,2010,May,1.5
SHOO,2011,Jun,1.5
SHOO,2013,Oct,1.5
SHOO,2018,Oct,1.5
SHSP,2013,Dec,0.2
SID,2004,Jun,4.0
SID,2008,Feb,3.0
SID,2010,Apr,2.0
SIFY,2000,Jan,4.0
SIFY,2002,Sep,0.25
SIG,2004,Oct,3.0
SIG,2008,Sep,0.5
SIGI,2007,Feb,2.0
SIM,2008,May,0.1
SINT,2016,Jan,0.06666666666666667
SINT,2017,Nov,0.08333333333333333
SINT,2019,Jul,0.03333333333333333
SIRI,2011,May,0.8571428571428571
SIRI,2011,Oct,0.25
SIVB,2000,May,2.0
SIX,2011,Jun,2.0
SIX,2013,Jun,2.0
SJI,2005,Jul,2.0
SJI,2015,May,4.0
SJR,2000,Feb,2.0
SJR,2007,Aug,2.0
SJW,2004,Mar,3.0
SJW,2006,Mar,2.0
SKM,1999,Dec,1.03
SKT,2004,Dec,2.0
SKT,2011,Jan,2.0
SKX,2015,Oct,3.0
SKYS,2019,Nov,0.4
SKYW,2000,Dec,2.0
SLB,2006,Apr,2.0
SLCT,2004,Jun,1.0
SLCT,2005,Aug,1.5
SLCT,2006,Nov,1.2
SLGN,2005,Sep,2.0
SLGN,2010,May,2.0
SLGN,2017,May,2.0
SLM,2003,Jun,3.0
SLM,2014,May,2.798
SLNO,2017,Oct,0.2
SLP,2006,Aug,2.0
SLP,2007,Oct,2.0
SLRX,2019,Jul,0.04
SLS,2016,Nov,0.05
SLS,2018,Jan,0.03333333333333333
SLS,2019,Nov,0.02
SM,2000,Sep,2.0
SM,2005,Apr,2.0
SMBC,2003,Oct,2.0
SMBC,2015,Feb,2.0
SMBK,2004,Sep,2.0
SMBK,2006,Dec,2.0
SMBK,2009,Jun,1.0
SMBK,2009,Sep,1.02
SMBK,2015,Sep,0.25
SMFG,2010,Nov,0.5
SMG,2005,Nov,2.0
SMIT,2002,Dec,0.3333333333333333
SMMF,2001,Aug,2.0
SMMF,2003,Mar,2.0
SMMF,2004,Dec,2.0
SMSI,2016,Aug,0.25
SMTC,1999,Sep,2.0
SMTC,2000,Sep,2.0
SMTS,2010,Dec,0.14285714285714285
SMTX,2004,Oct,0.2
SNBR,2006,Jun,1.5
SNCA,2017,Jan,0.07692307692307693
SNCA,2019,Jul,0.05
SNDE,2018,Dec,0.1
SNDE,2019,Nov,0.11
SNE,2000,May,2.0
SNFCA,1999,Mar,1.0
SNFCA,2000,Dec,1.0
SNFCA,2000,Jan,1.0
SNFCA,2002,Jan,1.0
SNFCA,2003,Dec,1.0
SNFCA,2003,Jan,1.0
SNFCA,2005,Jan,1.0
SNFCA,2006,Jan,1.0
SNFCA,2007,Jan,1.0
SNFCA,2008,Jan,1.0
SNFCA,2009,Jan,1.0
SNFCA,2010,Jan,1.0
SNFCA,2011,Jan,1.0
SNFCA,2012,Jan,1.0
SNFCA,2013,Jan,1.0
SNFCA,2014,Jan,1.05
SNFCA,2015,Jan,1.05
SNFCA,2016,Jan,1.05
SNFCA,2017,Jan,1.0
SNFCA,2018,Jan,1.0
SNFCA,2019,Jan,1.0
SNGX,2012,Feb,0.05
SNGX,2016,Oct,0.1
SNMP,2015,Aug,0.1
SNN,2000,Aug,0.8181818181818182
SNN,2003,Dec,2.0
SNN,2014,Oct,2.499
SNOA,2013,Apr,0.14285714285714285
SNOA,2016,Jun,0.2
SNOA,2019,Jun,0.1111111111111111
SNP,2013,Jul,1.3
SNPS,2003,Sep,2.0
SNSS,2011,Feb,1.1666666666666667
SNSS,2016,Sep,0.16666666666666666
SNV,2008,Jan,2.272727272727273
SNV,2014,May,0.14285714285714285
SO,2001,Apr,1.636929120969062
SOL,2017,Feb,0.2
SONA,2007,Apr,1.1
SP,2008,Jan,2.0
SPB,2001,Jan,0.1
SPB,2005,Apr,8.0
SPB,2018,Jul,0.162
SPCB,2007,May,0.16999864001087991
SPCB,2013,Aug,0.23529411764705882
SPG,2009,Aug,1.00722
SPG,2009,May,1.0
SPG,2009,Nov,1.0063
SPG,2014,May,1.063
SPGI,1999,Mar,2.0
SPGI,2005,May,2.0
SPH,1999,Jun,10.0
SPH,2001,Jan,1.0
SPI,2017,Nov,0.1
SPI,2018,Nov,0.1
SPKE,2017,Jun,2.0
SPNS,2003,Jun,0.2
SPPI,2002,Sep,0.04
SPR,2011,Jun,0.3333333333333333
SPR,2013,Dec,0.01
SPRT,2017,Jan,0.3333333333333333
SPSC,2019,Aug,2.0
SPXC,2002,Oct,2.0
SPXC,2015,Sep,3.971
SQBG,2006,Jan,0.10810810810810811
SQBG,2012,Sep,0.06666666666666667
SQM,2008,Mar,10.0
SQM,2016,Apr,1.027
SQNS,2019,Nov,0.25
SRAX,2016,Sep,0.2
SRC,2013,Jul,1.9048
SRC,2018,Dec,0.2
SRC,2018,Jun,1.115
SRCE,1999,Feb,1.1
SRCE,2000,Aug,1.05
SRCE,2001,May,1.05
SRCE,2006,Aug,1.1
SRCE,2015,Aug,1.1
SRCL,2002,Jun,2.0
SRCL,2007,Jun,2.0
SRDX,2000,Dec,2.0
SRI,2011,Mar,0.5555555555555556
SRNE,2008,Oct,0.1
SRNE,2013,Aug,0.04
SRPT,2012,Jul,0.16666666666666666
SSB,2002,Nov,1.1
SSB,2004,Dec,1.05
SSB,2007,Mar,1.05
SSD,2002,Aug,2.0
SSD,2004,Nov,2.0
SSKN,2014,Jul,0.1
SSKN,2017,Apr,0.2
SSNC,2016,Jun,4.0
SSNT,2015,Feb,0.03333333333333333
SSP,2004,Sep,2.0
SSP,2008,Jul,0.3333333333333333
SSP,2015,Apr,1.127
SSYS,2003,Dec,1.5
SSYS,2007,Aug,2.0
STAF,2015,Sep,0.1
STAF,2018,Jan,0.2
STAR,1999,Nov,1.0
STC,1999,May,2.0
STCN,1999,Jan,2.0
STCN,1999,May,2.0
STCN,2000,Jan,2.0
STCN,2007,Nov,0.1
STCN,2015,Jan,1.0
STL,2004,Jan,4.432
STLD,2006,Nov,2.0
STLD,2008,Mar,2.0
STM,1999,Jun,2.0
STM,2000,May,3.0
STMP,2004,May,0.5
STN,2006,May,2.0
STN,2014,Nov,2.0
STNG,2019,Jan,0.1
STRS,2001,May,0.5
STT,2001,May,2.0
STWD,2014,Feb,1.2402
STXS,2012,Jul,0.1
STXS,2013,Nov,1.096
STZ,2001,May,2.0
STZ,2002,May,2.0
STZ,2005,May,2.0
SU,2000,May,2.0
SU,2002,May,2.0
SU,2008,May,2.0
SUI,2006,May,5.0
SUM,2015,Dec,1.01
SUM,2016,Dec,1.01
SUM,2017,Dec,1.014
SUNW,2015,Feb,0.038461538461538464
SUNW,2019,Aug,0.14285714285714285
SUZ,2014,Aug,1.5
SUZ,2019,Sep,2.0
SVBI,2004,Dec,2.0
SVBI,2006,Mar,1.1
SVBI,2007,Mar,1.1
SWKH,2000,Feb,2.0
SWKH,2001,Dec,0.1
SWKH,2015,Oct,0.1
SWKS,1999,Feb,1.5
SWKS,2000,Apr,2.0
SWM,2012,Aug,2.0
SWN,2005,Jun,2.0
SWN,2005,Nov,2.0
SWN,2008,Mar,2.0
SYBT,1999,Mar,2.0
SYBT,2003,Sep,2.0
SYBT,2006,May,1.05
SYBT,2016,May,2.5
SYBX,2017,Aug,0.14285714285714285
SYK,2000,May,2.0
SYK,2004,May,2.0
SYN,2007,Apr,0.3333333333333333
SYN,2018,Aug,0.02857142857142857
SYNA,2008,Sep,1.5
SYY,2000,Dec,2.0
TA,2019,Aug,0.2
TACT,2004,Apr,1.5
TAL,2017,Aug,6.0
TAOP,2006,Oct,4.444
TAOP,2012,Mar,0.5
TAP,2007,Oct,2.0
TARO,2001,Jul,2.0
TAT,2014,Mar,0.1
TBI,1999,Jul,1.5
TCBK,2004,May,2.0
TCF,2000,Jan,1.05
TCF,2001,Dec,1.05
TCF,2003,Jan,1.05
TCF,2004,Sep,2.0
TCF,2005,Jan,1.05
TCF,2019,Aug,1.0
TCFC,2006,Nov,3.0
TCOM,2006,Apr,2.0
TCOM,2007,Jul,2.0
TCOM,2010,Jan,2.0
TCOM,2015,Dec,2.0
TCON,2019,Nov,0.1
TCX,2013,Dec,0.25
TD,1999,Aug,2.0
TD,2014,Feb,2.0
TDI,2013,Jun,0.25
TDI,2014,Jul,10.0
TDS,2005,May,1.951219512195122
TDS,2012,Jan,1.087
TDW,2017,Aug,0.031
TECH,2000,Dec,2.0
TECK,2007,May,2.0
TEF,1999,Apr,1.02
TEF,1999,Jul,3.0
TEF,1999,Nov,1.02
TEF,2000,May,0.6666666666666666
TEF,2001,Jan,1.02
TEF,2001,Mar,1.02
TEF,2002,Jan,1.02
TEF,2002,Mar,1.02
TEF,2003,Jan,1.0
TEF,2003,Mar,1.02
TEF,2005,Jun,1.04
TEF,2011,Jan,3.0
TELL,2015,Jul,0.125
TEN,1999,Nov,0.2
TENX,2009,Nov,0.06666666666666667
TENX,2013,May,0.05
TENX,2018,Feb,0.05
TER,1999,Sep,2.0
TESS,2006,Nov,1.5
TESS,2010,May,1.5
TEUM,2002,Jan,0.1
TEUM,2008,Jun,1.04
TEUM,2017,Feb,0.04
TEVA,2000,Feb,2.0
TEVA,2002,Dec,2.0
TEVA,2004,Jul,2.0
TEX,2006,Jul,2.0
TGC,2001,Aug,1.05
TGC,2016,Mar,0.1
TGI,2011,Jul,2.0
TGNA,2015,Jun,1.223391240518718
TGNA,2017,Jun,1.5625
TGS,2019,Nov,1.03
TGT,2000,Jul,2.0
TGTX,2011,Jul,1.02
TGTX,2012,Apr,0.017777777777777778
THC,2002,Jul,1.5
THC,2012,Oct,0.25
THFF,2003,Oct,2.0
THMO,2010,Aug,0.25
THMO,2016,Mar,0.05
THMO,2019,Jun,0.1
THO,2002,Jul,2.0
THO,2004,Jan,2.0
THRM,1999,Jan,0.2
TIF,1999,Jul,2.0
TIF,2000,Jul,2.0
TISI,2007,Aug,2.0
TJX,2002,May,2.0
TJX,2012,Feb,2.0
TJX,2018,Nov,2.0
TK,2004,May,2.0
TKC,2000,Oct,1.0
TKC,2001,May,1.099
TKC,2001,Oct,0.1
TKC,2004,Aug,2.9493
TKC,2005,Jun,1.2580645161290323
TKC,2006,Jun,1.1861
TKR,2014,Jul,1.397
TLK,1999,Jun,1.08
TLK,2016,Oct,2.0
TLRD,2005,Jun,1.5
TLSA,2019,Oct,2.0
TMDI,2018,Jun,0.03333333333333333
TMP,2003,Aug,1.1
TMP,2005,Feb,1.0
TMP,2006,May,1.1
TMP,2010,Feb,1.1
TMUS,2013,May,0.5
TNC,2006,Jul,2.0
TNDM,2017,Oct,0.1
TNK,2019,Nov,0.125
TNP,2007,Nov,2.0
TNXP,2013,May,0.05
TNXP,2017,Mar,0.1
TNXP,2018,Nov,0.1
TNXP,2019,Nov,0.1
TOL,2002,Apr,2.0
TOL,2005,Jul,2.0
TOPS,2008,Mar,0.3333333333333333
TOPS,2011,Jun,0.1
TOPS,2014,Apr,0.14285714285714285
TOPS,2016,Feb,0.1
TOPS,2017,Aug,0.03333333333333333
TOPS,2017,Jun,0.06666666666666667
TOPS,2017,May,0.05
TOPS,2017,Oct,0.5
TOPS,2018,Mar,0.1
TOPS,2019,Aug,0.05
TOT,2006,May,2.0
TOT,2016,Jun,1.0
TOT,2017,Dec,1.0113636363636365
TOT,2018,Jun,1.010204081632653
TPL,2007,Jul,5.0
TPR,2002,Jul,2.0
TPR,2003,Oct,2.0
TPR,2005,Apr,2.0
TR,1999,Mar,1.0
TR,2000,Mar,1.0
TR,2001,Mar,1.0
TR,2002,Mar,1.0
TR,2003,Feb,1.0
TR,2004,Feb,1.0
TR,2005,Mar,1.0
TR,2006,Mar,1.0
TR,2007,Mar,1.0
TR,2008,Mar,1.0
TR,2009,Mar,1.0
TR,2010,Mar,1.0
TR,2011,Mar,1.0
TR,2012,Mar,1.0
TR,2013,Mar,1.0
TR,2014,Feb,1.03
TR,2015,Mar,1.03
TR,2016,Mar,1.03
TR,2017,Mar,1.03
TR,2018,Mar,1.03
TRC,2013,Aug,1.031
TRC,2017,Oct,1.03
TRCH,2010,Dec,4.0
TREX,2014,May,2.0
TREX,2018,Jun,2.0
TRIB,2005,Jun,0.25
TRIL,2014,Nov,0.03333333333333333
TRMB,2004,Mar,1.5
TRMB,2007,Feb,2.0
TRMB,2013,Mar,2.0
TRN,2006,Jun,1.5
TRN,2014,Jun,2.0
TRN,2018,Nov,1.389
TROW,2006,Jun,2.0
TROX,2012,Jul,5.0
TRQ,2013,Dec,1.299
TRS,2015,Jul,1.255
TRST,1999,Nov,2.0
TRST,2000,Oct,1.15
TRST,2001,Oct,1.15
TRXC,1999,Jan,0.1
TRXC,2014,Apr,0.2
TRXC,2019,Dec,0.07692307692307693
TS,2006,Apr,5.0
TSBK,2007,Jun,2.0
TSCO,2002,Aug,2.0
TSCO,2003,Aug,2.0
TSCO,2010,Sep,2.0
TSCO,2013,Sep,2.0
TSEM,2012,Aug,0.06666666666666667
TSM,1999,Aug,1.23
TSM,2000,May,1.28
TSM,2001,Jun,1.4
TSM,2002,Jun,1.1
TSM,2003,Jul,1.08
TSM,2004,Jun,1.14
TSM,2005,Jun,1.05
TSM,2006,Jun,1.03
TSM,2007,Jun,1.0
TSM,2008,Jul,1.0
TSM,2009,Jul,1.005
TSRI,2010,Nov,0.5
TTC,2003,Apr,2.0
TTC,2005,Apr,2.0
TTC,2012,Jul,2.0
TTC,2016,Sep,2.0
TTEK,1999,Jun,1.25
TTEK,2001,Dec,1.25
TTI,2003,Aug,1.5
TTI,2005,Aug,1.5
TTI,2006,May,2.0
TTNP,2015,Sep,0.181
TTNP,2019,Jan,0.16666666666666666
TTPH,2019,Sep,0.05
TTWO,2005,Apr,1.5
TU,2013,Apr,2.0
TV,2006,Mar,4.0
TVIX,2012,Dec,0.1
TVIX,2013,Aug,0.1
TVIX,2015,Jun,0.1
TVIX,2016,Aug,0.04
TVIX,2017,Mar,0.1
TVIX,2018,Jun,0.1
TVIX,2019,Dec,0.1
TVTY,2001,Nov,1.5
TVTY,2003,Dec,2.0
TWI,2008,Aug,1.25
TWIN,2006,Apr,2.0
TWIN,2008,Jan,2.0
TWMC,2019,Aug,0.1
TWO,2013,Mar,1.074
TWO,2017,Nov,0.6105
TXMD,2009,Jul,3.0
TXMD,2011,Oct,0.01
TXN,1999,Aug,2.0
TXN,2000,May,2.0
TXRH,2005,Sep,2.0
TXT,2007,Aug,2.0
UA,2016,Jun,2.00709
UAA,2012,Jul,2.0
UAA,2014,Apr,2.0
UAA,2016,Apr,2.0
UAVS,2008,Jul,0.2
UAVS,2014,Jun,0.06666666666666667
UAVS,2018,Mar,0.08
UBCP,1999,Nov,1.05
UBCP,2000,Nov,1.05
UBCP,2001,Nov,1.05
UBCP,2002,Nov,1.05
UBCP,2003,Nov,1.1
UBCP,2004,Dec,1.1
UBCP,2005,Nov,1.0
UBCP,2006,Nov,1.1
UBFO,1999,Oct,3.0
UBFO,2006,May,2.0
UBFO,2008,Oct,1.01
UBFO,2009,Apr,1.01
UBFO,2009,Jan,1.01
UBFO,2009,Jul,1.01
UBFO,2009,Oct,1.01
UBFO,2010,Apr,1.01
UBFO,2010,Jan,1.01
UBFO,2010,Jul,1.0
UBFO,2010,Oct,1.01
UBFO,2011,Apr,1.0
UBFO,2011,Jan,1.01
UBFO,2011,Jul,1.0
UBFO,2011,Oct,1.01
UBFO,2012,Apr,1.01
UBFO,2012,Jan,1.01
UBFO,2012,Jul,1.01
UBFO,2012,Oct,1.01
UBFO,2013,Apr,1.01
UBFO,2013,Jan,1.01
UBFO,2013,Jul,1.01
UBFO,2013,Oct,1.01
UBFO,2014,Apr,1.01
UBFO,2014,Jan,1.01
UBFO,2014,Jul,1.01
UBFO,2014,Oct,1.01
UBFO,2015,Apr,1.01
UBFO,2015,Dec,1.01
UBFO,2015,Jan,1.01
UBFO,2015,Jul,1.01
UBFO,2015,Oct,1.01
UBFO,2016,Dec,1.0
UBFO,2016,Jul,1.0
UBFO,2016,Mar,1.01
UBFO,2016,Oct,1.01
UBFO,2017,Apr,1.01
UBOH,2014,Jan,1.0064
UCBI,2002,May,2.0
UCBI,2004,Apr,1.5
UCBI,2008,Dec,1.0077
UCBI,2008,Sep,1.0077
UCBI,2009,Jun,1.0
UCBI,2009,Mar,1.0077
UCBI,2009,Sep,1.0077
UCBI,2011,Jun,0.2
UEIC,2000,Feb,2.0
UEPS,2005,Jun,0.16666666666666666
UFCS,2004,Dec,2.0
UFI,2010,Nov,0.3333333333333333
UFPI,2017,Nov,3.0
UFS,2009,Jun,0.08333333333333333
UFS,2014,Jun,2.0
UGI,2003,Apr,1.5
UGI,2005,May,2.0
UGI,2014,Sep,1.5
UGLD,2018,Oct,0.1
UGP,2005,Feb,1.0
UGP,2011,Feb,4.0
UGP,2019,Apr,2.0
UHS,2001,Jun,2.0
UHS,2009,Dec,2.0
UIS,2009,Oct,0.1
UL,2006,May,1.8
UMBF,1999,Dec,1.1
UMBF,2001,Dec,1.05
UMBF,2006,May,2.0
UMC,2001,Jul,1.15
UMC,2002,Aug,1.0
UMC,2003,Jul,1.0401
UMC,2004,Jul,1.08
UMC,2005,Aug,1.0
UMC,2006,Aug,1.0
UMC,2007,Oct,0.69716
UMC,2008,Aug,1.045
UN,1999,May,0.8928571428571429
UN,2006,May,3.0
UNB,2003,Aug,1.5
UNFI,2004,Apr,4.0
UNH,2000,Dec,2.0
UNH,2003,Jun,2.0
UNH,2005,May,2.0
UNP,2008,May,2.0
UNP,2014,Jun,2.0
UNTY,2003,Feb,1.05
UNTY,2004,Jun,1.05
UNTY,2005,Jun,1.05
UNTY,2006,Jun,1.05
UNTY,2007,Jun,1.05
UNTY,2008,Jun,1.05
UNTY,2016,Sep,1.1
UONE,2000,Jun,3.0
URBN,2003,Sep,2.0
URBN,2004,Jul,2.0
URBN,2005,Sep,2.0
USAS,2012,May,0.5434782608695652
USAS,2016,Dec,0.08333333333333333
USB,1999,Apr,3.0
USB,2001,Feb,1.265
USEG,2016,Jun,0.16666666666666666
USIO,2015,Jul,0.06666666666666667
USLV,2013,Aug,0.1
USLV,2018,Oct,0.1
USNA,2003,Oct,2.0
USNA,2016,Nov,2.0
USPH,2001,Jan,2.0
USPH,2001,Jun,1.5
UTHR,2009,Sep,2.0
UTSI,2013,Mar,0.3333333333333333
UUU,2004,Apr,1.3333333333333333
UUU,2006,Oct,1.3333333333333333
UUUU,2013,Nov,0.02
UVSP,2000,Apr,1.05
UVSP,2003,Mar,1.25
UVSP,2005,May,1.5
V,2015,Mar,4.0
VAL,2019,Apr,0.25
VALE,2004,Sep,3.0
VALE,2006,Jun,2.0
VALE,2007,Sep,2.0
VAR,1999,Apr,2.0
VAR,2002,Jan,2.0
VAR,2004,Aug,2.0
VAR,2017,Jan,1.1403808872163304
VBFC,2014,Aug,0.0625
VBIV,2006,Mar,0.5
VBIV,2014,Jul,5.0
VBIV,2016,May,0.025
VCEL,2010,Feb,0.125
VCEL,2013,Oct,0.05
VEDL,2013,Sep,0.599
VEON,2004,Nov,3.0
VEON,2007,Aug,5.0
VERB,2019,Feb,0.06666666666666667
VERO,2019,Nov,0.06666666666666667
VFC,2013,Dec,4.0
VFC,2019,May,1.062
VGR,1999,Sep,1.0
VGR,2000,Sep,1.0
VGR,2001,Sep,1.0
VGR,2002,Sep,1.0
VGR,2003,Sep,1.0
VGR,2004,Sep,1.0
VGR,2005,Sep,1.0
VGR,2006,Sep,1.0
VGR,2007,Sep,1.0
VGR,2008,Sep,1.9523809523809523
VGR,2009,Sep,1.0
VGR,2010,Sep,1.0
VGR,2011,Sep,1.0
VGR,2012,Sep,1.05
VGR,2013,Sep,1.0
VGR,2014,Sep,1.0
VGR,2015,Sep,1.05
VGR,2016,Sep,2.1
VGR,2017,Sep,1.05
VGR,2018,Sep,1.05
VGR,2019,Sep,1.05
VGZ,2002,Jun,0.05
VHC,2007,Oct,0.3333333333333333
VHI,2007,Mar,3.433682161109759
VHI,2012,May,3.0
VIAV,1999,Dec,2.0
VIAV,1999,Jul,2.0
VIAV,2000,Mar,2.0
VIAV,2006,Oct,0.125
VIAV,2015,Aug,1.758
VIIX,2013,Aug,0.1
VIIX,2017,Mar,0.2
VIIX,2019,Dec,0.2
VIPS,2014,Nov,10.0
VIRC,1999,Sep,1.1
VIRC,2000,Sep,1.1
VIRC,2001,Sep,1.1
VIRC,2002,Sep,1.1
VISL,2015,Jul,0.1
VISL,2016,Dec,0.1
VISL,2016,Jun,0.08333333333333333
VISL,2019,May,0.1
VIVE,2014,Sep,0.01
VIVE,2016,Apr,0.125
VIVE,2019,Sep,0.01
VIVO,2005,Sep,1.5
VIVO,2007,May,1.5
VLGEA,2007,Apr,2.0
VLGEA,2009,Jan,2.0
VLO,2004,Oct,2.0
VLO,2005,Dec,2.0
VLO,2013,May,1.094
VLY,1999,May,1.05
VLY,2000,May,1.05
VLY,2001,May,1.05
VLY,2002,May,1.25
VLY,2003,Apr,1.05
VLY,2004,Apr,1.05
VLY,2005,May,1.05
VLY,2006,May,1.05
VLY,2007,May,1.05
VLY,2008,May,1.05
VLY,2009,May,1.05
VLY,2010,May,1.05
VLY,2011,May,1.05
VLY,2012,May,1.05
VMC,1999,Mar,3.0
VNCE,2017,Oct,0.1
VNO,2009,Aug,1.0
VNO,2009,May,1.0
VNO,2009,Nov,1.0
VNO,2015,Jan,1.1049723756906078
VNO,2017,Jul,1.237
VOD,1999,Oct,5.0
VOD,2006,Jul,0.875
VOD,2014,Feb,0.981
VOLT,2007,Jan,1.5
VRSN,1999,Dec,2.0
VRSN,1999,Jun,2.0
VRTX,2000,Aug,2.0
VSAT,2000,Sep,2.0
VSEC,2007,Jun,2.0
VSEC,2016,Aug,2.0
VSH,1999,Jun,1.25
VSH,2000,Jun,1.5
VTGN,2014,Aug,0.05
VTNR,2004,Aug,0.016666666666666666
VTNR,2009,May,0.1
VTR,2015,Aug,0.8757
VTSI,2016,Oct,0.1
VTSI,2018,Mar,1.0
VUZI,2013,Feb,0.013333333333333334
VVI,2013,Nov,1.1
VVI,2014,Feb,1.062
VVUS,2018,Sep,0.1
VXRT,2012,Nov,0.16666666666666666
VXRT,2018,Feb,0.09090909090909091
VZ,2006,Nov,1.038055099964706
VZ,2008,Apr,1.0046515366145252
VZ,2010,Jul,1.0662242546825904
WAB,2013,Jun,2.0
WAFD,1999,Feb,1.1
WAFD,2001,Feb,1.1
WAFD,2002,Feb,1.1
WAFD,2003,Feb,1.1
WAFD,2004,Feb,1.1
WAFD,2005,Feb,1.1
WAT,1999,Jun,2.0
WAT,2000,Aug,2.0
WBA,1999,Feb,2.0
WBK,2013,Aug,5.0
WCN,2004,Jun,1.5
WCN,2007,Mar,1.5
WCN,2010,Nov,1.5
WCN,2017,Jun,1.5
WDR,2000,Apr,1.5
WEC,2011,Mar,2.0
WERN,2002,Mar,1.3333333333333333
WERN,2003,Oct,1.25
WES,2013,Nov,inf
WES,2014,Nov,1.1111111111111112
WEYS,2003,Oct,1.5
WEYS,2005,Apr,2.0
WF,2014,May,0.839
WFC,2006,Aug,2.0
WGO,2004,Mar,2.0
WHLM,2014,Jul,0.05
WHLR,2017,Apr,0.125
WILC,2004,Dec,2.0
WINT,2010,Dec,0.06666666666666667
WINT,2016,Jan,0.07142857142857142
WINT,2017,Dec,0.05
WIRE,2004,Aug,1.5
WIT,2004,Jul,3.0
WIT,2005,Aug,1.0
WIT,2005,Sep,2.0
WIT,2010,Jun,1.6666666666666667
WIT,2013,Apr,1.121
WIT,2017,Jun,2.0
WIT,2019,Mar,1.3333333333333333
WKEY,2019,Nov,0.4
WKHS,2015,Dec,0.1
WLK,2014,Mar,2.0
WLL,2011,Feb,2.0
WLL,2017,Nov,0.25
WLTW,2016,Jan,0.3775
WMB,2001,Apr,1.0893246187363834
WMB,2012,Jan,1.2266928361138372
WMT,1999,Apr,2.0
WNEB,2007,Jan,3.28138
WORX,2019,Feb,0.05263157894736842
WPP,1999,Nov,2.0
WRB,2002,Jul,1.5
WRB,2003,Aug,1.5
WRB,2005,Apr,1.5
WRB,2006,Apr,1.5
WRB,2019,Apr,1.5
WRB,2019,Mar,1.0
WRI,2002,Apr,1.5
WRI,2004,Mar,1.5
WRK,2016,May,1.1099
WSBF,2014,Jan,1.0972
WSFS,2015,May,3.0
WSM,2002,May,2.0
WST,2004,Sep,4.0
WST,2013,Sep,2.0
WSTL,2017,Jun,0.25
WTBA,1999,May,1.5
WTBA,2004,Jul,1.05
WTBA,2006,Jul,1.0
WTER,2015,Dec,0.02
WTFC,2002,Mar,1.5
WTS,1999,Oct,0.7204
WWD,2006,Feb,3.0
WWD,2008,Feb,2.0
WWR,2006,Apr,0.25
WWR,2013,Jan,0.1
WWR,2016,Mar,0.08333333333333333
WWR,2019,Apr,0.02
WWW,2005,Feb,1.5
WWW,2013,Nov,2.0
WY,2010,Jul,2.0
WYND,2018,Jun,2.215
XAN,2015,Sep,0.25
XBIO,2019,Jun,0.08333333333333333
XFOR,2019,Mar,0.16666666666666666
XLNX,1999,Dec,2.0
XLNX,1999,Mar,2.0
XOM,2001,Jul,2.0
XOMA,2010,Aug,0.06666666666666667
XOMA,2016,Oct,0.05
XPO,2011,Sep,0.25
XRAY,2002,Feb,1.5
XRAY,2006,Jul,2.0
XRF,2019,Dec,0.1
XRX,1999,Feb,2.0
XRX,2017,Jan,1.518
XRX,2017,Jun,0.5
XSPA,2015,Nov,0.1
XSPA,2019,Feb,0.05
XTLB,2012,Oct,0.1
XTLB,2017,Feb,0.2
XTNT,2014,Jul,0.1
XTNT,2018,Feb,0.08333333333333333
Y,1999,Mar,1.02
Y,2000,Mar,1.02
Y,2001,Mar,1.02
Y,2002,Mar,1.02
Y,2003,Mar,1.02
Y,2004,Mar,1.02
Y,2005,Mar,1.02
Y,2006,Mar,1.02
Y,2007,Mar,1.02
Y,2008,Mar,1.02
Y,2009,Mar,1.02
Y,2010,Mar,1.02
Y,2011,Mar,1.02
YGYI,2017,Jun,0.05
YORW,2002,May,2.0
YORW,2006,Sep,1.5
YRCW,2010,Oct,0.04
YRCW,2011,Dec,0.0033333333333333335
YTEN,2015,May,0.16666666666666666
YTEN,2017,May,0.1
YUM,2002,Jun,2.0
YUM,2007,Jun,2.0
YUM,2016,Nov,1.391
YVR,2010,Feb,0.2
YVR,2018,Oct,0.2
ZBRA,2003,Aug,1.5
ZBRA,2004,Aug,1.5
ZG,2015,Aug,3.207
ZGNX,2015,Jul,0.125
ZIOP,2005,Aug,0.025
ZIV,2011,Jun,8.0
ZNH,2008,Sep,1.5
ZSAN,2018,Jan,0.05
ZUMZ,2006,Apr,2.0
